kind	id	status	date	host	why
pain	P48b	done	2026-09-14	SECRATARY	Root cause found and fixed: harness-config's profiles/web/cordis.patch.yml restated the connection row's whole config and dropped trustedHosts: !!js ctx.webRuntime.trustedHosts, the only source of the /api browser-trust fence's trusted authorities. Measured with two scratch engines, same build and flags, one file different: POST /api/agentPresets/list with Host=<authority> returned 403 forbidden with the patch and 401 unauthorized without it; the fixed engine's authenticated round trip returns 200. Commits 25ab7bf (fix), fe8396a (probe checks 13/14 so this class is visible). Probe now 15/15. Corrects L152b.
pain	P17c	done	2026-09-14	ZABZ-YOGA	FIXED 2026-09-14. The read-then-increment collision is now serialised: append, import-flat, dedupe and resolve take journal/.lock (O_CREAT|O_EXCL) for the whole read-compute-write section and refuse with exit 3 if another session holds it, breaking a lock older than 600s so a crashed session cannot wedge the journal. Evidence: the defect fired for real before the fix, producing 217 collided ids and 60 duplicate-id ERRORs in check; the repair tool (dedupe, which suffixes the later copy exactly as the migration did) restored 718 entries with 718 distinct ids and 0 errors; all three lock cases were then tested (live lock refuses, stale lock breaks and releases, read-only commands unaffected). Residual: this is a per-tree lock, so it cannot serialise two machines that pull and push independently - only a single tree's writers - and the allocation is still read-then-increment rather than allocated at merge time. The larger instance of that residual is recorded separately as P72.
pain	P71	done	2026-09-14	ZABZ-YOGA	Resolved by a concurrent session before I finished writing. Re-read 2026-09-14 ~15:58 UTC: .git/MERGE_HEAD is gone, 'git diff --name-only --diff-filter=U' returns empty, and 'journal.py check' reports 0 errors (was 213 duplicate-id errors: L1-L46 across log/lessons/2026-09.md and 2026-09.1.md, H78-H86 in log/handoff/2026-09.2.md). Overlapping ids were resolved by suffixing rather than by dropping a side (e.g. L218/L218a coexist with identical bodies), consistent with the append-only rule. My four entries from this session are all present in index/entries.tsv: D84 (log/decisions/2026-09.md), H89 (log/handoff/2026-09.4.md), P71 itself (log/pain/2026-09.md), L225 (log/lessons/2026-09.2.md). NOTE the residual, left open rather than claimed clean: 32 warnings remain and L218/L218a are byte-identical entries in two different files, so the two-writers problem between the sharded log and the flat files is reduced but not closed - that is P57, not this entry. Closing this one because its actual claim (the check cannot alarm on anything new) is now false.
pain	P72	done	2026-09-14	ZABZ-YOGA	RESOLVED 2026-09-14, measured on the SHARED repo not locally: git ls-tree over origin/master's journal/log shards counts 723 entry markers and origin/master's index has 723 rows, exactly matching the local tree's 723. The ~230 entries that existed only in working copies are now distributed, via fast-forward pushes onto master once the shared working tree had advanced onto origin/master. Residual, named so it is not mistaken for solved: the count agreeing today does not make the mechanism safe. Ids are still allocated at write time from refs the writer has fetched, so two machines pulling and pushing independently can still collide; what prevents it is journal.py dedupe (repairs collisions without losing content) and the per-tree lock (stops two writers in one tree). Both are on master. A merge-time allocator, or a single allocating authority, would be the structural fix and is not built.
pain	P44	done	2026-09-14	ZABZ-YOGA	RESOLVED 2026-09-14 in substance, with the underlying divergence tracked separately as P49. P44 said 'nothing can be deployed safely' to the authority's diverged checkout, so every new capability stalled. That is no longer true: eight fixes were shipped to the live host this session through a gated hand-port (scripts/port-*.py), each with a per-anchor gate that refuses unless every anchor matches exactly once, a compile gate, tests run against the authority's own tree, a restart and a /health poll, and a file-scoped backup in .runtime/deploy-backups/. The rollback path was exercised for real once: an early 3-way git apply produced conflict markers, the compile gate caught it, and app/autopilot.py came back BYTE-IDENTICAL (md5 9cd2e551204800c6f518dd02061fb6ea before and after) with /health 200. Deployed this session: work-mode action syntax, ghost-agent aliases, code-in-backup, briefing envelope guard, owner-queue dedup, repetition guard, marker persistence, task-based completion, goal progress, sync-breaker cooldown, sync-login notification. Evidence for every one is in .runtime/deployed-commits.log on the authority. The divergence itself is NOT fixed and must not be read as fixed: the checkout is still 87 commits behind and 16 ahead, deploy.sh still cannot run, and reconciling it in a second worktree with a systemd repoint remains the real fix, tracked as P49.
pain	P126	done	2026-09-14	ZABZ-YOGA	Fixed in multi-window/dshw.ps1: Invoke-Ensure delegates to Ensure-Engine (the 1-minute watchdog can now reclaim), an empty listen table is retried and EADDRINUSE forces a cache-bypassed reclaim, and every kill is gated on two patient probes. Verified by AST parse and an isolation test; a functional 'ensure' run returns 'engine is answering on 3099'.
pain	P61	blocked	2026-09-14	ZABZ-YOGA	The integration now exists (kosher-filter-ai e2888d8): app/billing_checkout.py + POST /owner/billing/checkout + the site's POST /billing/subscribe, 22 new broker tests and 6 new site tests, dormant by default. What still blocks it is owner-side configuration: the exact per-device price (band decided as 5-10 USD), a Stripe Product+Price id, and LPT_BILLING_STRIPE_WEBHOOK_SECRET which is empty while LPT_BILLING_STRIPE_SECRET_KEY in the same file is live-mode. Also still true: filtering is never cut off for non-payment, so enforcement remains feature-only.
pain	P61	done	2026-09-14	ZABZ-YOGA	Live end to end 2026-09-14 (kosher-filter-ai 12540ec + lpt-apps deploy). Price price_1UFj8ZLnlgYj1gmThNxiIvFK at 7.00 USD/device/month and webhook endpoint we_1UFj8gLnlgYj1gmT06i344fe created in the LIVE Stripe account and installed on both broker instances. Verified from outside: /health 200, /admin 401, POST /owner/billing/checkout 401 not 404, unsigned webhook POST 401 'Missing Stripe-Signature header' rather than 503. Verified against Stripe: a mode=subscription Checkout session accepted (livemode true) then expired; nothing charged. Unproven: metadata.tenant_id attribution needs a real subscription. Remaining with no decision needed: billing_seat_paid_limit and billing_seat_quantity_sync_enabled unset.
pain	P50	done	2026-09-14	ZABZ-YOGA	Measured 2026-09-14: 39 rows (the entry said 40, an earlier note said 37), and the shape was worse than pollution - the columns were shifted, so status='5', title='5', agent_id='2026-06-27', steps_completed=4.2, started_at=0. A test inserted them positionally. They survived three months because every sweep and every count filters on a known status, so a row with status='5' is invisible to all of them: counted as neither success nor failure. Fixed at the writer AND the data: _WORK_SESSION_STATUSES declares the closed set and update_work_session refuses anything outside it loudly; the 39 rows were exported to .runtime/deploy-backups/work_sessions-junk-status.20260914-232820.json and marked expired with the reason in output_log, nothing deleted. Verified: 0 unknown statuses remain; counts now completed 26685 / expired 60 / failed 1527 / paused 47084; tests/test_work_session_status.py (4 tests, one deriving the allowed set from the real call sites so the constant cannot drift). Committed 567a5c81.
pain	P136	done	2026-09-14	ZABZ-YOGA	The recon nudge now derives its count from the persisted step markers (_consecutive_readonly_steps) instead of a per-tick counter that reset before it could reach the threshold; the counter is deleted so there is one source of truth. Verified by tests/test_recon_nudge.py, including the property that two read-only steps put STOP SEARCHING into the actual prompt. Committed e6a28a6b.
pain	P138	done	2026-09-14	ZABZ-YOGA	All three parts are done and measured. (1) Extension bounded: capped at 2 extensions, worst case 11 steps instead of 15 (commit 2cfd33e2). (2) Progress redefined: an extension is refused when the last 3 step signatures are identical, because a repeated update_task is still a mutating action and 75415 ran one for nine steps to collect four extensions (8a68ac4b). (3) Retry ceiling: count_recent_failed_work_sessions gates the claim path, task blocked at 3 recent failures, job closed not_retried (94647077, verified live on task 25106). Replay against real logs: 15->11, 11->8, 11->8 steps on three sessions that failed regardless, while both sessions that COMPLETED (75418, 75427) keep their extensions exactly.
pain	P7	done	2026-09-14	ZABZ-YOGA	P7 (context poisoning) named one specific trap: 'the MCP bridge returning huge payloads -- needs a wrapper that truncates and summarises before it reaches the model'. Fixed at the SOURCE rather than with a wrapper: GET /autopilot/health returned 245,897 bytes on the wire, of which 295,615 bytes of indented JSON was recent_runs -- 1,780 stored run records across 37 subsystems. ps_health aggregates it, so one call cost ~100k tokens. health() now returns the summary plus the newest run with recent_runs_total, health(recent_runs=N) still returns history on request, and the stored rolling log is capped at 10 instead of 50 (which was also 295 KB inside the 386 KB autopilot_state.json rewritten on every record). Verified 245,897 -> 17,643 bytes, ps_health 385,651 -> 27,350. Commit 33bc517e, seven tests, every caller checked first.
pain	P5	done	2026-09-14	ZABZ-YOGA	P5 said 'work assigned to agents that do not exist: work silently vanishing; the blueprint and reality disagree and nothing reconciles them'. Measured 2026-09-15 and the premise is largely stale: the blueprint names 28 agents and 27 have a live trace; the oldest pending job in the whole queue was 0.8h old, so no work is stranded behind an agent that never runs; and only TWO live tasks were assigned to anything untraceable. What was real is ONE missing alias: task #25083 (a personal medical item, 'Owner needs to review') sat in_progress 5.7h assigned to 'dept_executive', which exists nowhere, while the ghost monitor reported zero because it scanned goal_plans and goal_steps and not tasks.assigned_to. Fixed both: the alias (dept_executive -> orchestrator, consistent with executive/dept_ceo/dept_executive_assistant) and the detector's scope, which now includes live tasks. VERIFIED: task 25083 is now assigned_to orchestrator and zero tasks remain on the ghost. Commit b3aa1d42. The reconciliation check P5 proposed is therefore built in the form that matters -- the monitor now covers every table where an assignment lives.
pain	P165	done	2026-09-15	ZABZ-TECH	hub.py now has exactly one send call site inside a record-or-fail helper; every send path records. 35 historical delivered messages remain unrecorded; new sends do not.
pain	P177	done	2026-09-15	ZABZ-TECH	Fixed by main 7eae4e5 (fix(build): widen turbopack.root to the ancestor that contains node_modules). Re-verified from this worktree after rebasing onto it: plain 'npx next build' exit 0, Compiled successfully, 14/14 static pages, same worktree whose node_modules is a junction to C:\Users\ezabz\Code\chumash-timeline\node_modules. The intermediate 76c377b (drop turbopack.root) did not work; 7eae4e5 does. --webpack remains a fallback.
pain	P180	done	2026-09-15	ZABZ-TECH	Both blind spots closed on 2026-09-15 in backend/src/trpc/__tests__/guard-coverage.test.ts. (1) publicProcedure is now in the BARE alternation and removed from GUARDED; its 59 declarations are explicit, dated PUBLIC exemptions with reasons, and the three that expose pricing/settings/operational config (settings.router, notifications, status-workflow-config.router) are marked NOT REVIEWED and owned by pending parts. (2) PUBLIC_MUTATIONS now pins the set of public tRPC mutations (17: auth 12, customer-account 3, faq 2) detected from the builder chain '.mutation(' vs '.query('), plus a second test asserting no PUBLIC '.query(' writes a table directly. Verified 7 passed (7); the detector's own fail-closed assertion caught a first attempt that read the wrong file. Follow-up still open and NOT part of this pain: faq's two public writes have no live consumer and should be removed from the public surface (PART-060).
pain	P144	superseded	2026-09-15	ZABZ-YOGA	Two of its four faults are fixed and applied: the agent-questions half by 9943817e (pending 313 -> 0, with notes) and the badge-cannot-go-green half by b822350 (CRITICAL now needs a critical row observed within 48h; live verdict critical -> high). The writer half is P145 and the reminders-dashboard item is now its own entry, P148.
pain	P6	done	2026-09-15	ZABZ-YOGA	Both halves are fixed and applied. Messages: the owner-queue shelf life (a6b08392) ages held rows by kind and supersedes briefings, so held went 163 -> 20 and urgent/critical 42 -> 13, with a status_note on every aged-out row; the cluster of ad-hoc dismissal schemes is no longer load-bearing. Questions: 9943817e expires pending agent_questions older than 14 days, applied as pending 313 -> 0 with 313 notes and no row deleted. The kernel no longer counts either as live debt (b822350): only answerable questions and only fresh criticals.
pain	P128	done	2026-09-15	ZABZ-YOGA	Measured today: 'journal.py check' exits 0 with 0 errors (39 warnings, 75 info), most recently after H233. Both named causes are gone: the heading-form backlog was repaired by repair-meta.py (232 entries, idempotent) and the append path no longer re-absorbs-and-crashes -- absorb_all was passing an alias row where an id belongs (fb1bbf4), which aborted absorption mid-pass while cmd_append swallowed it; all five kinds now absorb with added=0.
pain	P55	superseded	2026-09-15	ZABZ-YOGA	Its premise is now a decision, not a fault, and the sensors were re-aimed at the channel the owner actually chose. 2026-09-15 he said: keep owner SMS off, surface the urgent ones in the app (D152/D153). So 'nothing sent since 2026-07-19' is the intended state; the reading that replaced it is check_delivery, which reads the kill switch's own path and mtime and measures the badge payload's freshness, going CRITICAL only when there is no channel at all (it now says 'owner SMS off by his decision ... the app surface is the channel ... 20 held item(s) for him'). attention_debt no longer counts a dead channel's backlog (b822350) and app_voice guards the surface itself.
pain	P92	superseded	2026-09-15	ZABZ-YOGA	Legacy duplicate of P55 (same text, imported); superseded by the same reasoning: owner SMS off is his decision, check_delivery measures the chosen channel, attention_debt counts only live debt, app_voice guards the surface.
pain	P140	superseded	2026-09-15	ZABZ-YOGA	Superseded by P145, which measures the same divergence with fresher numbers (61 ahead / 138 behind on 2026-09-15) and adds what P140 lacked: the preservation branch secratary-master-preserved-20260915, verified by ancestry, so the unpushable commits are no longer at risk while the lineage decision is pending.
pain	P148	done	2026-09-15	ZABZ-YOGA	Verified at the reader, not the writer. process_due_reminders now enqueues the in-app channels (dashboard/app/in_app/absent) into owner_message_queue as held rows with reason reminder:<id>, which is the surface the badge renders; a probe reminder polled as {checked 1, queued 1, sms_sent 0} and produced exactly one held row, and after the kernel's freshness-first ordering the badge's waiting line showed the live items. Commit cf800076 (app) + f86d671 (kernel); 5 tests.
pain	P147	done	2026-09-15	ZABZ-YOGA	Both halves closed. (1) Nothing asserted the app can narrate itself: the kernel now has check_app_voice, which reads the service journal, refuses (UNKNOWN) rather than passing when it cannot read it, and is green with provenance -- 'the application is audible: 489 of 2017 journal line(s) ... carry its own INFO format'. (2) Retention: measured with INFO on, the service writes ~11 MB/day against the systemd default cap of 10% of the filesystem (~47.8 GB) with 209 GB free, so an explicit SystemMaxUse would be an arbitrary number; the measurement is recorded in D (round 38) and this is to be revisited only if the rate changes.
pain	P135	done	2026-09-15	ZABZ-YOGA	Measured today: append --dry-run (validation + legacy absorption + id allocation + cache rebuild, everything but the write) takes 3,422 ms, and the six appends written this session each returned in about a second. The '3 minutes' symptom is gone; the absorption crash and the cache rebuild it depended on were both repaired since (fb1bbf4, and absorb_all now reports added=0 idempotently).
pain	P146	done	2026-09-15	ZABZ-YOGA	Mechanism verified live across two machines today: the other session allocated H229/H230/H231 while this session's appends landed H232/H233/H234/H235 with no collision, because cmd_append takes base = max(max_number, allocation_ceiling, git_max(fetch=True)) -- the fetch of origin refs is what makes two online machines agree. Index check: 827 entries, 0 duplicate ids, and 'check' reports no duplicate-id findings. Residual risk is allocation while both machines are offline, which is by construction and is not what P146 measured.
pain	P130	done	2026-09-15	ZABZ-YOGA	Fixed in the reader, where the staleness bit. Measured before: the mirror said 11 pending generated 03:17 while owner_decision_queue held 12 at 15:00, and the page printed the count as if current. Now cmd_status calls _maybe_refresh_questions(): a mirror older than 60 min is regenerated by running this tool's own 'questions' command (bounded, keeps the existing file if the authority is unreachable), and the mirror's age in minutes is printed on the page. Verified after the change: page shows 'OWNER QUESTIONS 12 open - mirror generated 2026-09-15 14:48 UTC - (mirror age 0 min)', the mirror's own provenance says 12 pending, and the authority's owner-queue stats say 12. Note: it was deliberately NOT wired into autosync.sh, which never commits and reports a dirty tree -- writing state from there would create permanent dirt.
pain	P149	done	2026-09-15	ZABZ-YOGA	Both halves closed. (1) run_subsystem_once could not run the syncs: fixed by _finance_sync_specs() (one table feeding both the dispatch and the advertised known list) plus _run_finance_sync_now(), which clears all three scheduling gates and restores them if nothing ran; verified live -- ebay_sync returned {ok:true,ran:true,status:ok} in 16s with ebay_sync_time still 04:15, and boa_sync returned {error:disabled} because its flag is False. Commit 862cf696, 5 tests. (2) Only journal.py refreshes the mirror: that is now the accepted design, recorded as D156 -- a stale mirror is refreshed at the reader when older than an hour, its age is printed, and autosync.sh was deliberately not used as the carrier because it never commits and reports a dirty tree.
pain	P150	done	2026-09-15	ZABZ-YOGA	Fixed in two parts and verified. (1) backend_expected_env_keys() now uses a field's validation_alias names when it has them and the uppercased field name otherwise, so the three AliasChoices fields stop demanding HA_PTT_KEY/SECURITY_API_KEY/SECURITY_ALERT_EXTRA_RECIPIENTS and stop calling HA_PTT_API_KEY/HA_SECURITY_API_KEY/HA_SECURITY_EXTRA_RECIPIENTS unexpected: extra_keys 3 -> 0. (2) .env.example now documents the 21 remaining declared settings with their app/config.py defaults (nineteen SHABBAT_*, shelly_plug_host, computer_form_webhook_secret; secrets empty) and web/.env.local.example exists with the dashboard's 11 variables, un-ignored via !.env.local.example in web/.gitignore: missing_keys 24 -> 0. Result: tests/test_config_contract.py 5 passed (was 3 failed/2 passed) and the pre-existing suite set went 9 failed -> 6. Commit 01ab2dc1, preserved on secratary-master-preserved-20260915. The /not a Settings field/ line in P150 was wrong and is corrected by L1519.
pain	P139	superseded	2026-09-15	ZABZ-YOGA	Its two specific claims are both resolved and its explanation was wrong. The pre-existing failures were 9 and are 0 (config contract + templates, the fail-open workspace guard, the Windows-only URI decoder, and four test defects: a non-hermetic Settings fixture, a missing router stub, a wrong stub source, and a Windows-only cross-platform assertion). The '153 order-dependent errors' were never whole-suite interference: the soft file-descriptor limit on this host is 1024 and the suite opens a thousand-plus asyncio event loops, so it hit Errno 24 and every later test failed at setup; tests/conftest.py now raises RLIMIT_NOFILE to 16384 (c60f75b2) and pytest tests/ is 7 failed / 2708 passed / 0 errors. Superseded by the new entry that records what is actually left: the descriptor leak itself (bounded, not fixed) and seven failures, four of them quiet-hours gates that look wall-clock dependent.
pain	P151	superseded	2026-09-15	ZABZ-YOGA	Its numbers are stale and its remaining claim is now precise. P151 recorded 7 failures after the descriptor fix; four of those were the quiet-hours timezone defect, fixed in 6947d9d8 (test_family_chat_personality.py 4 failed -> 62 passed), and the suite is now 4 failed / 2711 passed / 0 errors. What is genuinely left is two things, both recorded: the descriptor leak itself (the limit is raised in conftest, the loops are still unclosed) and a flaky residual set of roughly six tests whose membership varies per invocation -- now its own entry, with three candidate mechanisms and a cheapest-first fix order.
pain	P152	superseded	2026-09-15	ZABZ-YOGA	Its first named mechanism is wrong -- _worker is synchronous, the thread is in its caller, so that test has no race -- and its most persistent member was not flaky at all: test_mcp_enabled was deterministic because the suite exports the repo's .env and MCP_ENABLED=false reached the Settings instance (now fixed in caee745d, asserting field defaults; test_phase3_modules.py 45 passed). Superseded by the entry that records the corrected candidate list and the single next measurement: capture the worker's swallowed warning while the assertion fails.
pain	P154	done	2026-09-15	ZABZ-YOGA	Fixed and verified. The mechanism was leaked fire-and-forget threads: hub.handle_inbound_sms -> personality.maybe_respond spawns a daemon running _worker, no test joined it, and _worker writes chip_in_flight_until through a database whose path is resolved at call time (monkeypatched per test), so a worker from one test set the next test's in-flight marker and its worker returned early. tests/test_family_chat.py now stubs personality.maybe_respond (53571c04); five consecutive runs of the family-chat pair are 137 passed each and the full suite is 2715 passed / 0 failed / 0 errors. The production hardening it points at -- _worker capturing its DB path at spawn -- is recorded as the next step rather than assumed.
pain	P155	superseded	2026-09-15	ZABZ-YOGA	Two of its five findings are cleared and the archive turned out to be healthy, so its ranking is stale. tick_completion was a historical-collapse false alarm (b31dac5) and session_archive was alarming on the one machine that had nothing new to ship while three others shipped minutes earlier (246898b); both now read info and the badge is 4 attention / 10 ok. Its remaining real items -- the evolution loop's 18 duplicate offers plus a node_modules target, five dead-weight agents, and the authority's harness-config divergence -- are carried forward in the newer entry with what would settle each.
pain	P156	superseded	2026-09-15	ZABZ-YOGA	Two of its three items are done and the third is narrower. The dead-weight agents are not burning anything: they last ticked on 2026-07-21/22, have 0 ticks in 30 days and cost .02-0.04 lifetime, so check_dead_weight was reporting a retired workforce as live waste and is now bounded to 14 days with the retired five named in metrics (e1b225d). The evolution duplicates are fixed at the cause (05d46f23) and clear themselves on 2026-09-20 as the history ages out of the check's own window. What remains real is the harness-config divergence -- ahead 13 / behind 104, one of the 13 being my own mis-targeted commit 30958c8 -- now its own entry with the remedy.
pain	P151	done	2026-09-15	ZABZ-YOGA	Fixed and proven, not bounded. Measured: the suite grew 8,160 descriptors across 199 of 205 files (peak 4,250 open); a descriptor-type probe showed 285 sockets and 139 eventpoll descriptors (leaked asyncio event loops) once the SQLite handles were closed. Two conftest fixtures now close app.database's per-(url, thread) connections per test (calling the app's own close_db_connections, which existed all along and tests never called) and non-running event loops per module. Verified on the default soft limit of 1024 with the RLIMIT raise neutralised: pytest tests/ -> 2,721 passed, 16 skipped, 0 failed, 0 errors in 191s. The raise stays as head-room. Commit f6abcb1f.
pain	P158	done	2026-09-15	ZABZ-YOGA	Fixed with a tool and verified from two machines. scripts/branch-audit.py classifies a remote's branches by reachability: on the hub, 42 branches -> 2 claimed from master, 34 claimed from another branch, 5 UNIQUE (60fc90d preserve/journal-authority-20260914, 30958c8 secretary-journal-preserved-20260915, 7f930e9 zabz-audit-20260914, 9bfb8b7 zabz-audit-20260914-r25, 15eba9d zabz-yoga-journal-preserved-20260915). The 36 redundant refs were deleted after every sha was written to /home/zabz/harness-config-branches-deleted-20260915.txt, so any restore is one git update-ref away; nothing became unreachable. Re-running the audit from the laptop afterwards reports 6 branches, 5 unique, nothing redundant. Commit ce651b3.
lessons	L1778	retracted	2026-09-16	ZABZ-YOGA	throwaway timing probe; journal.py --root was accepted and ignored, so it wrote to the live tree (fixed 2026-09-16)
lessons	L1779	retracted	2026-09-16	ZABZ-YOGA	throwaway timing probe; journal.py --root was accepted and ignored, so it wrote to the live tree (fixed 2026-09-16)
lessons	L1780	retracted	2026-09-16	ZABZ-YOGA	throwaway timing probe; journal.py --root was accepted and ignored, so it wrote to the live tree (fixed 2026-09-16)
lessons	L1781	retracted	2026-09-16	ZABZ-YOGA	throwaway timing probe; journal.py --root was accepted and ignored, so it wrote to the live tree (fixed 2026-09-16)
lessons	L1782	retracted	2026-09-16	ZABZ-YOGA	throwaway timing probe; journal.py --root was accepted and ignored, so it wrote to the live tree (fixed 2026-09-16)
lessons	L1783	retracted	2026-09-16	ZABZ-YOGA	throwaway timing probe; journal.py --root was accepted and ignored, so it wrote to the live tree (fixed 2026-09-16)
lessons	L1784	retracted	2026-09-16	ZABZ-YOGA	throwaway timing probe; journal.py --root was accepted and ignored, so it wrote to the live tree (fixed 2026-09-16)
lessons	L1785	retracted	2026-09-16	ZABZ-YOGA	throwaway timing probe; journal.py --root was accepted and ignored, so it wrote to the live tree (fixed 2026-09-16)
lessons	L1786	retracted	2026-09-16	ZABZ-YOGA	throwaway timing probe; journal.py --root was accepted and ignored, so it wrote to the live tree (fixed 2026-09-16)
lessons	L1787	retracted	2026-09-16	ZABZ-YOGA	throwaway timing probe; journal.py --root was accepted and ignored, so it wrote to the live tree (fixed 2026-09-16)
lessons	L1788	retracted	2026-09-16	ZABZ-YOGA	throwaway timing probe; journal.py --root was accepted and ignored, so it wrote to the live tree (fixed 2026-09-16)
lessons	L1789	retracted	2026-09-16	ZABZ-YOGA	throwaway timing probe; journal.py --root was accepted and ignored, so it wrote to the live tree (fixed 2026-09-16)
lessons	L1790	retracted	2026-09-16	ZABZ-YOGA	throwaway timing probe; journal.py --root was accepted and ignored, so it wrote to the live tree (fixed 2026-09-16)
lessons	L1791	retracted	2026-09-16	ZABZ-YOGA	throwaway timing probe; journal.py --root was accepted and ignored, so it wrote to the live tree (fixed 2026-09-16)
lessons	L1792	retracted	2026-09-16	ZABZ-YOGA	throwaway timing probe; journal.py --root was accepted and ignored, so it wrote to the live tree (fixed 2026-09-16)
lessons	L1793	retracted	2026-09-16	ZABZ-YOGA	throwaway timing probe; journal.py --root was accepted and ignored, so it wrote to the live tree (fixed 2026-09-16)
lessons	L1794	retracted	2026-09-16	ZABZ-YOGA	throwaway timing probe; journal.py --root was accepted and ignored, so it wrote to the live tree (fixed 2026-09-16)
lessons	L1795	retracted	2026-09-16	ZABZ-YOGA	throwaway timing probe; journal.py --root was accepted and ignored, so it wrote to the live tree (fixed 2026-09-16)
lessons	L1796	retracted	2026-09-16	ZABZ-YOGA	throwaway timing probe; journal.py --root was accepted and ignored, so it wrote to the live tree (fixed 2026-09-16)
lessons	L1797	retracted	2026-09-16	ZABZ-YOGA	throwaway timing probe; journal.py --root was accepted and ignored, so it wrote to the live tree (fixed 2026-09-16)
lessons	L1798	retracted	2026-09-16	ZABZ-YOGA	throwaway timing probe; journal.py --root was accepted and ignored, so it wrote to the live tree (fixed 2026-09-16)
lessons	L1799	retracted	2026-09-16	ZABZ-YOGA	throwaway timing probe; journal.py --root was accepted and ignored, so it wrote to the live tree (fixed 2026-09-16)
lessons	L1800	retracted	2026-09-16	ZABZ-YOGA	throwaway timing probe; journal.py --root was accepted and ignored, so it wrote to the live tree (fixed 2026-09-16)
lessons	L1801	retracted	2026-09-16	ZABZ-YOGA	throwaway timing probe; journal.py --root was accepted and ignored, so it wrote to the live tree (fixed 2026-09-16)
lessons	L1802	retracted	2026-09-16	ZABZ-YOGA	throwaway timing probe; journal.py --root was accepted and ignored, so it wrote to the live tree (fixed 2026-09-16)
lessons	L1803	retracted	2026-09-16	ZABZ-YOGA	throwaway timing probe; journal.py --root was accepted and ignored, so it wrote to the live tree (fixed 2026-09-16)
lessons	L1878	done	2026-09-17	ZABZ-YOGA	smoke test written while proving the append path works; contains no finding
pain	P237	done	2026-09-17	ZABZ-YOGA	Fixed and proven 2026-09-17: scripts/install-client-plugin.sh now requires the package's own dsh.bundle.patch before enrolling, removes a declared name that fails (with a package.json.bak backup) and exits 3 on refusal. Demonstrated in scratch DSH_HOMEs: the pre-fix HEAD blob f0b23c1c names dsh-mesh-broker and 'dsh --profile web --dump-config' then exits 1 with 'profile bundle declares no dsh.bundle' at dsh-app-boot:852; the fixed file refuses with exit 3 and the same home composes exit 0, while a real bundle (plugin-health) still enrols with exit 0. Record: docs/mesh/99-installer-and-desktop.md 1, lessons L1894.
pain	P335	done	2026-09-20	ZABZ-YOGA	Fixed and LIVE on 2026-09-20: lakewoodphoneandtech.com now renders 'Closed Monday Sep 21 for Yom Kippur' in the homepage hero and the Business Hours card, and its JSON-LD carries 5 specialOpeningHoursSpecification closure entries (9/21 Yom Kippur, 9/26-27 Sukkos, 10/2 Shmini Atzeres, 10/3 Simchas Torah). Branch fix/holiday-closure-notice e3fb20567, Cloudflare Pages production deployment 4d00bfd5; rollback target was 1a74061b. Dates come from the authority's own shalom_zmanim.py:is_chag_yom_tov via scripts/generate-shop-closures.mjs, not a hand-written list. The human-readable notice is narrowed to closures falling on normally-open weekdays so it cannot print 'Closed' for Wednesday or Saturday (owner rule D175); all 5 dates still go into the JSON-LD.
pain	P335	done	2026-09-23	ZABZ-YOGA	Shipped: the live production bundle (index-B7Smwo3h.js, 2026-09-23) carries the generated closure table sourced from shalom_zmanim.py:is_chag_yom_tov with closures through 2026-11-04, plus the 'Closed <date> for <name>' notice template (source: origin/fix/holiday-closure-notice, frontend/src/lib/shop-closures.ts + HomePage.tsx, commit e3fb20567). Unverified and stated as such: the notice painting on an active closure day in a browser - next chance Fri 2026-09-26 (Sukkos). See H2473, W-entry of the same date.
pain	P2252	done	2026-09-23	ZABZ-YOGA	Cause was a stale process, not a broken guarantee: @_audited_send/_write_sms_audit_row is working-tree carry-in work (laptop commit 51e2d32da) absent from secratary's HEAD, and the 00:36:52Z send predated it. My 14:35 restart loaded it. 11 tests now assert exactly one sms_log row per send attempt, including suppressed-by-policy ones. Not a standing defect.
pain	P2542	retracted	2026-09-25	ZABZ-YOGA	Refuted within minutes of writing it. The 26 distinct message_ids are our own ptf- backfill ids (ptf-comm-NNNNN), not Dialpad ids, and created_at is stamped by the projection's clock. The whole 2026-09-20 day is duplicated (4,808 rows / 196 bodies / 24.5x), so it is an ingest artefact, not 26 sends. Superseded by the new pain entry on the projection defect. No customer was spammed.
pain	P2545	retracted	2026-09-25	ZABZ-YOGA	Written with a --body-file path that did not exist; the tool silently stored the PATH as the body instead of failing. Entry is a malformed stub, not a finding. Real content re-written as P2547. Tool fixed in the same session.
pain	P2546	retracted	2026-09-25	ZABZ-YOGA	Deliberate probe of the same tool bug - created only to prove --body-file with a missing path exits 0 and stores the path. Not a finding. See the lesson entry and the journal.py fix.
pain	P329	done	2026-09-18	SECRATARY	Fixed 2026-09-18 with the owner's approval. Root cause was not a missing credential but a URL-specific credential.https://github.com.helper override delegating github.com to gh's git-credential, whose token was invalid. Repointed github.com to the 'store' helper, installed the working credential into C:\Users\ezabz\.git-credentials via ssh stdin (never in argv), and reset the global helper list so GCM is not consulted (which removes the misleading per-fetch 'fatal: Unable to persist credentials with wincredman' noise). Verified with two independent fetches and a git show of the doc. Residual, filed separately: the gh CLI token on that laptop is still invalid, so gh-based automation there will fail until gh auth login is run.
pain	P2185	done	2026-09-22	SECRATARY	Reconciled and pushed 2026-09-22: merge f5718a2 + cache 8004ea5, fast-forward 6a48b11..8004ea5, no force. 21 id collisions renumbered by repair-ids (D2324, H2325-H2336, L2337-L2344), 0 entries deleted, 2213 entries, check 0 errors, legacy drift 0. Verified from ZABZ-YOGA after fetch. Residual: divergence recurs without a scheduled publisher on secratary.
pain	P2252	done	2026-09-22	ZABZ-TECH	NOT A LIVE BUG - already fixed before I found it. _sanitize_draft_text exists in app/services/email_drafts.py and its docstring names this exact incident; the fix landed dbc84384 2026-08-31 19:42:14 -0400. The 8 drafts were pre-fix residue. The pipeline now writes drafts to files rather than Gmail (037cab69) and the sanitiser returns '' for a leaked envelope, so the class cannot reach a body. Residual: the 8 Gmail drafts are still in the mailbox, salvaged to /home/zabz/outbound-drafts/salvaged/.
pain	P2605	done	2026-09-28	ZABZ-TECH	Test entry written while probing the cp1252 crash; no durable value.
lessons	L2849	done	2026-09-28	ZABZ-TECH	Probe entry written to verify the cp1252 fix landed; no durable value.
pain	P2801	done	2026-09-30	ZABZ-TECH	Restored all five missing cron targets from the 2026-09-28 preserved tree (sha256-verified) and committed them (3796f668); fixed two lost execute bits and committed them (c12d0a8e); proved each restored job by running it (calls: 61 stored; site uptime: all endpoints up); installed and FALSIFIED the class-killer ~/bin/cron-target-guard.py, wired hourly to cron and to sources/cron-targets.py so a dead target becomes ledger work. Residual, recorded in the entry: the guard proves the PATH exists, not that the job succeeds.
pain	P2799	done	2026-09-30	ZABZ-TECH	Disk measured 2026-09-30T15:41Z at 76.5% used, 91908 MB free (was 99% / 7.6 GB at 14:5xZ); secretary-backups down from 298 GB to 216 GB across 15 dirs and prune-backups.sh is present and executable. The retention policy the entry called an owner question already existed and is documented (F7, 2026-08-30, in the script itself), so no owner decision was needed. The alarm the entry asked for as item 4 is now built: ~/bin/disk-guard.py (15-minute cron, warn 90%/crit 95%, checks retention-script presence as well as free space) and ~/bin/sources/disk-space.py, which files a wake flag carrying the F7 policy and the three safe reclaims. Both falsified. See W-entry for the full record. Residual, recorded there: the growth itself is not fixed -- quarantine-debris 27 GB, worktrees ~40 GB and recon-20260915 5.2 GB are untouched.
pain	P168	done	2026-09-30	ZABZ-TECH	index/entries.tsv now carries tags and refs (appended columns; CACHE_VERSION gates a one-time rebuild on every host), _from_tsv reads them, EntryTexts.meta() is the fallback route for an older cache, and cmd_backlinks unions the trailer with a prose scan. PROOF 2026-09-30: search --tag legacy-import -> H9/H11/H14 (was 'no match'); list --tag mesh -> 115 entries (was 0); backlinks W136 -> 7 entries including P163 (was 1). Regressions clean: search 'inter-start gap' still hits; check -> 0 errors. Commit 3956a77.
pain	P2609	done	2026-09-30	ZABZ-TECH	Untracked journal/index/{aliases.tsv,entries.tsv,journal.db,stamp.json} and the generated journal/state/owner-questions.md, with the reasoning written into journal/.gitignore. PROOF 2026-09-30: after journal.py list and journal.py status rebuilt the index, git status --porcelain journal/index journal/state showed no dirty index path (previously stamp.json and entries.tsv went dirty on every read). Commit a228fd8.
pain	P2607	done	2026-09-30	ZABZ-TECH	idguard._git() now passes encoding=utf-8, errors=replace (it had bare text=True, so git output was decoded with the cp1252 locale codec and a reader thread died while the main thread reported success). FALSIFIED 2026-09-30: the pre-fix path reproduces UnicodeDecodeError 'charmap' codec can't decode byte 0x9d in position 68 on HEAD:journal/entries/pain/P2561bc.md; idguard._git reads the same blob to 3468 chars with no exception. Commit a228fd8.
pain	P262	done	2026-09-30	ZABZ-TECH	idguard.collisions() now returns a third list, uncomparable, naming every ref that exists without a readable journal/index/entries.tsv, prints it, and exits 1 under --strict -- previously it compared nothing and printed 'collisions: 0', which is the answer that cost a session on 2026-09-15. PROOF 2026-09-30: idguard.py --local-rev HEAD --refs <root-commit> --strict -> uncomparable: 1, exit 1. Commit a228fd8.
pain	P2805	done	2026-09-30	ZABZ-TECH	Settled 2026-09-30 by reading the predicate: work.py line 258 builds the candidate filter as w.state equals todo, so claim-next CANNOT claim a blocked item. The guard hole hypothesis is FALSE. The other hypothesis holds: something transitioned items 86 and 132 from blocked to todo, the claim path then picked them up normally, and blocked_on was never cleared. The residual defect is a MISSING SANCTIONED TRANSITION: work.py has no unblock action, so moving an item out of blocked means editing the row directly and nothing clears the field, leaving the ledger telling a lie about why an item is parked. Same family as the not_before gate and the contradicting cap: a field that no longer describes the world, read as if it did. Fold into item 145: the transition must clear blocked_on or record what resolved it, and a sanctioned unblock command should exist so the field cannot drift. Items 86 and 132 remain owner-gated in substance (owner-queue 194/195 and 204) and their outcomes still need review.
pain	P204	done	2026-09-30	ZABZ-TECH	Verified ALREADY FIXED on 2026-09-30 by the pain-corpus audit (theme V01-journal), which ran a read-only check rather than trusting the entry. / WHY: the mechanism the entry names is contradicted — the tool has grown from ~2,900 lines at the entry to 4,826 with many added functions and `check` returns 0 errors with no mass heading-form class (ZABZ-YOGA's D264 also retracted it after 13 non-reproductions); the exact repro (append ~120 lines to a copy and re-run) is a write and is listed under NEEDS-MANAGER for confirmation. / COMMAND: `python C:\Users\ezabz\Code\harness-config\journal\tools\journal.py check; (Get-Content C:\Users\ezabz\Code\harness-config\journal\tools\journal.py | Measure-Object).Count` / OBSERVED: `-- 0 error(s), 153 warning(s), 82 info`; `4826`.
pain	P163	done	2026-09-30	ZABZ-TECH	Verified ALREADY FIXED on 2026-09-30 by the pain-corpus audit (theme V01-journal), which ran a read-only check rather than trusting the entry. / WHY: `cmd_search` now reads bodies through `EntryTexts` (fts5 bodies with a per-file fallback), so the body-only false negative the entry recorded no longer occurs. / COMMAND: `python C:\Users\ezabz\Code\harness-config\journal\tools\journal.py search "inter-start gap"` / OBSERVED: `H278 · handoff · … median inter-start gap 70 s**` / `P163 · pain · …` / `W136 · wins · … median inter-start gap **70 s**` — the phrase is matched inside W136's body.
pain	P2553	done	2026-09-30	ZABZ-TECH	Verified ALREADY FIXED on 2026-09-30 by the pain-corpus audit (theme V02-db), which ran a read-only check rather than trusting the entry. / WHY: the disk is at 80% with 90 GB free (was 100% / 17 MB) and the 12:00Z snapshot holds a complete database, so neither the full disk nor the failed backup is true; the live DB is now 14.2 GB and the prune log's last line is still `/bin/sh: 1: .../prune-backups.sh: not found`, though that script exists again (mtime Sep 30 15:18). / COMMAND: dump:DISK ; dump:BACKUPS ; dump:DB / OBSERVED: `/dev/mapper/ubuntu--vg-ubuntu--lv 467G 358G 90G 80% /` ; `-rw-r--r-- 1 zabz zabz 1644424135 Sep 30 12:20 personal-secretary-runtime.tgz` + `-rw-r--r-- 1 zabz zabz 14115123200 Sep 30 12:09 secretary.db` inside `20260930T120001Z` ; `-rw-r--r-- 1 zabz zabz 14213402624 Sep 30 15:18 /home/zabz/personal-secretary-mvp/data/secretary.db`
pain	P342	done	2026-09-30	ZABZ-TECH	Verified ALREADY FIXED on 2026-09-30 by the pain-corpus audit (theme V02-db), which ran a read-only check rather than trusting the entry. / WHY: load is 0.94 on the 4-core authority (the entry measured 22.07 with `io full avg10=95.60`) and the broker answers 200, so neither the I/O starvation nor the false `broker-unreachable` is present — the two units installed in the entry's own session are still doing their job. / COMMAND: dump:WHEN ; dump:MESH / OBSERVED: `15:23:47 up 3 days, 34 min, 10 users, load average: 0.94, 0.87, 0.86` ; `broker 200`
pain	P2410	done	2026-09-30	ZABZ-TECH	Verified ALREADY FIXED on 2026-09-30 by the pain-corpus audit (theme V03-api), which ran a read-only check rather than trusting the entry. / WHY: both halves of the fix are in place — the token was bumped off the stale 09-16 value and is now derived from the layer bytes, so a tab holding an old layer can no longer compare equal to the served one. / COMMAND: rg -n "with_derived_layer_token|phone-layer-version" C:\Users\ezabz\Code\harness-config\scripts\phone-gate.py C:\Users\ezabz\Code\harness-config\assets\mobile.css ; dump:PHONE / OBSERVED: `scripts/phone-gate.py:547: def with_derived_layer_token(layer: bytes) -> bytes:` (token replaced by a sha256 of the layer at 574-577); `assets/mobile.css:1: /* phone-layer-version: 2026-09-24.1` (was 2026-09-16.3). dump:PHONE `"question_card_live": {"ok": true, ... "repaired": true} PASS — the question is inside the visible band at every size tried.` and `"question_card": {"ok": true ...} PASS`.
pain	P2130	done	2026-09-30	ZABZ-TECH	Verified ALREADY FIXED on 2026-09-30 by the pain-corpus audit (theme V03-api), which ran a read-only check rather than trusting the entry. / WHY: ticks are completing (73 today, newest 0.0m ago) so the "almost no progress" headline is gone on the authority; the 600 s ceiling itself is untouched in code (autopilot.py:5271), so an over-long tick would still be abandoned rather than finished. / COMMAND: dump:KERNEL / OBSERVED: `[ok] tick_completion -- tick completion healthy now (77% on 2026-09-30, 73 ticks); 4 historical collapse window(s) in 120 days ... newest 2026-08-23..2026-08-24 -- recorded, not live` and `[ok] liveness -- ticking: newest tick 0.0m ago`.
pain	P2128	done	2026-09-30	ZABZ-TECH	Verified ALREADY FIXED on 2026-09-30 by the pain-corpus audit (theme V03-api), which ran a read-only check rather than trusting the entry. / WHY: the mechanism the entry names — a signature demanding `onetalk_url`/`api_key` that the model-facing schema does not expose and no config supplies — no longer exists: the schema and the implementation now match, so the tool is no longer unusable by construction; the work order still declares it REQUIRED (work_orders.py:648,660), which is harmless if the wrapper runs (its runtime success is unverifi / COMMAND: rg -n "onetalk_url|api_key" C:\Users\ezabz\Code\personal-secretary-mvp\data\tools\alibaba_onetalk_automation.py ; rg -n "required|additionalProperties" C:\Users\ezabz\Code\personal-secretary-mvp\app\services\department_tools.py / OBSERVED: no matches — the tool implementation never mentions `onetalk_url` or `api_key`; it shells out to `lpt-hub/scripts/procurement-assistant/procurement_assistant.py` (path built at lines 12-21). `department_tools.py:492: "required": ["action"],` / `493: "additionalProperties": False` with properties `action`, `dry_run`, `sync_limit`, `follow_up_days`; the script exists in the local lpt-hub and is 12,6
pain	P211	done	2026-09-30	ZABZ-TECH	Verified ALREADY FIXED on 2026-09-30 by the pain-corpus audit (theme V03-api), which ran a read-only check rather than trusting the entry. / WHY: no OOM kill and no ~20 GB growth — the process is nowhere near the death spiral the entry describes; swap pressure is the only remaining memory symptom. / COMMAND: dump:HEALTH ; dump:MEM / OBSERVED: `-- api OOM kills --` / `0` ; `ActiveEnterTimestamp=Wed 2026-09-30 15:20:45 UTC` / `NRestarts=0` ; `Mem: 23421 total, 5809 used ... available 17612` / `Swap: 4095 used 3613`.
pain	P186	done	2026-09-30	ZABZ-TECH	Verified ALREADY FIXED on 2026-09-30 by the pain-corpus audit (theme V03-api), which ran a read-only check rather than trusting the entry. / WHY: a dashboard surface now reads the reminder rows and lets the owner reply/acknowledge them, so marking a reminder `sent` with `delivery_channel='dashboard'` is no longer success for reaching nobody. / COMMAND: rg -n "/api/v1/reminders" C:\Users\ezabz\Code\personal-secretary-mvp\app\main.py C:\Users\ezabz\Code\personal-secretary-mvp\web\app\inbox\page.tsx C:\Users\ezabz\Code\personal-secretary-mvp\web\app\calendar\page.tsx / OBSERVED: `main.py:21331: @app.get("/api/v1/reminders")` (returns `{"ok": True, "reminders": ..., "count": ...}`); `web/app/inbox/page.tsx:548: backendFetchJson<{ reminders: ReminderItem[] }>("/api/v1/reminders?status=attention&limit=50", { timeoutMs: 10_000 })` with per-reminder reply posting at 227/243; `web/app/calendar/page.tsx:262: backendFetchJson<RemindersResponse>("/reminders?limit=200", ...)`.
pain	P2554	done	2026-09-30	ZABZ-TECH	Verified ALREADY FIXED on 2026-09-30 by the pain-corpus audit (theme V04-mesh), which ran a read-only check rather than trusting the entry. / WHY: The broker answers and the authority reaches `zabz-tech-linux`, and the dispatcher's own record shows a mesh child completing on `zabz-tech-ts`, so the deterministic mesh-provider failure and the forced LOCAL fallback no longer hold today. / COMMAND: dump:MESH (broker 200 + `-- ssh reachability from authority --`) / OBSERVED: `broker 200`; `zabz-tech-linux: zabz-tech-linux`; on 2026-09-30 wakes were released and completed on a mesh node: `releasing wake #152 ... by wake-dispatch@secratary -> zabz-tech-ts` then `released 2026-09-30 wake #152 done exit=0 runner_code=0 ... subject="project:housekeeping:20260930#2"`
pain	P2188	done	2026-09-30	ZABZ-TECH	Verified ALREADY FIXED on 2026-09-30 by the pain-corpus audit (theme V04-mesh), which ran a read-only check rather than trusting the entry. / WHY: The alias no longer pins the key that was absent from the authority's authorized_keys; on this host every mesh alias now offers `~/.ssh/zabz-tech-ed25519`, which exists (419 bytes), so the wrong-key cause is repaired. / COMMAND: `Select-String -Path $env:USERPROFILE\.ssh\config -Pattern 'Host |IdentityFile'` / OBSERVED: `57: Host secretary-ts secratary-ts` / `60: IdentityFile ~/.ssh/zabz-tech-ed25519`; the rest of the file (`desktop-ts`, `laptop-ts`, …) also uses `zabz-tech-ed25519`; the failing `id_rsa_linux_pc` pin is gone from every `*-ts` alias
pain	P250	done	2026-09-30	ZABZ-TECH	Verified ALREADY FIXED on 2026-09-30 by the pain-corpus audit (theme V04-mesh), which ran a read-only check rather than trusting the entry. / WHY: The tree the machine would now boot is 0.3.0 with the placement row in it, not the placement-less 0.1.0 bundle the entry says it boots, so the headline defect no longer describes the artifact on disk. / COMMAND: `Select-String -Path packages/plugin-remote-fanout/package.json -Pattern 'version|name'` + `Get-ChildItem profiles -Recurse -Filter cordis.patch.yml` / OBSERVED: `"version": "0.3.0"` / `"name": "dsh-plugin-remote-fanout"`; the tree carries `profiles\web\cordis.patch.yml` (115,583 bytes) and `profiles\mesh\cordis.patch.yml` (7,616 bytes)
pain	P241	done	2026-09-30	ZABZ-TECH	Verified ALREADY FIXED on 2026-09-30 by the pain-corpus audit (theme V04-mesh), which ran a read-only check rather than trusting the entry. / WHY: The broker-driven placement files and the row now exist in a commit and are in HEAD, so the "exists in no commit, every node falls back to a named target" headline is contradicted. / COMMAND: `git -C C:\Users\ezabz\Code\harness-config ls-files packages/plugin-remote-fanout/lib` + `git merge-base --is-ancestor 263785d HEAD` / OBSERVED: `packages/plugin-remote-fanout/lib/broker-client.js` … `lib/placement.js` … `lib/nodes.js` … `lib/provider.js` … all listed as tracked; `exit=0`; `263785d 2026-09-17 mesh: broker-driven placement — a child goes where the broker says`
pain	P199	done	2026-09-30	ZABZ-TECH	Verified ALREADY FIXED on 2026-09-30 by the pain-corpus audit (theme V04-mesh), which ran a read-only check rather than trusting the entry. / WHY: `ps-mesh file` now reads base64, decodes to bytes and writes bytes, and a `write` verb exists, so the read-modify-write round trip the entry says corrupts non-ASCII records is byte-faithful by construction. / COMMAND: `read C:\Users\ezabz\Code\harness-config\scripts\ps-mesh.mjs` (offset 200) + `git log -1 -- scripts/ps-mesh.mjs` / OBSERVED: `224: if (VERB === 'file' || VERB === 'read') {` … `232: const b64 = r.out.replace(/\s+/g, '');` … `234: buf = Buffer.from(b64, 'base64');` … `241: wrote ${local} (${buf.length} bytes, byte-faithful)`; and `248: if (VERB === 'write') {` … `258: writeFileB64(host, p, bytes.toString('base64'), 120000)`; commit `8ee2cfa 2026-09-15 Fix the two defects her agent found in my tooling (journal P166/L1568,
pain	P198	done	2026-09-30	ZABZ-TECH	Verified ALREADY FIXED on 2026-09-30 by the pain-corpus audit (theme V04-mesh), which ran a read-only check rather than trusting the entry. / WHY: The single quiet retry on a 5xx that the entry asked for is in the tool, so a transient 502/500 is no longer reported as the archive being down. / COMMAND: `Select-String -Path C:\Users\ezabz\Code\harness-config\scripts\ps-system.mjs -Pattern 'retry|502|500'` / OBSERVED: `107: // RETRY ONCE ON A 5xx. Added because her agent measured the need FROM HER MAC and filed it as` / `133: if (res.status >= 500 && attempt === 1) {`; commit `8ee2cfa 2026-09-15`
pain	P164	done	2026-09-30	ZABZ-TECH	Verified ALREADY FIXED on 2026-09-30 by the pain-corpus audit (theme V04-mesh), which ran a read-only check rather than trusting the entry. / WHY: A standalone scheduled task now polls the local prerequisites every five minutes and the script repairs IP Helper before Tailscale and checks the portproxy, so "nothing watches these services" is contradicted on this node. / COMMAND: `Get-ScheduledTask | Where-Object { $_.TaskName -match 'Mesh|Prereq' }` + `Get-Service Tailscale,IpHlpSvc` / OBSERVED: `DSH Mesh Prereqs (5m) Ready` with action `pwsh.exe -NoProfile -NonInteractive -WindowStyle Hidden -File "C:\Users\ezabz\code\harness-config\scripts\ensure-mesh-prereqs.ps1"`; `IpHlpSvc Running Automatic` / `Tailscale Running Automatic`; commit `b0ffe0c 2026-09-15`
pain	P43b	done	2026-09-30	ZABZ-TECH	Verified ALREADY FIXED on 2026-09-30 by the pain-corpus audit (theme V04-mesh), which ran a read-only check rather than trusting the entry. / WHY: The gate now records the Serve-forwarded device address (and the raw `xff=` when a caller supplied its own) on every request it decides on, so the phone path can say which device connected. / COMMAND: `read C:\Users\ezabz\Code\harness-config\scripts\phone-gate.py` (offset 2240) / OBSERVED: `2248: # Who is asking, decided by the one header a caller cannot forge through Serve: the address` / `2254: device = forwarded_device(first)` / `2272: note(f"{method} {path}... client={_log_text(device) if device else 'loopback'} peer={client_ip}{spoof} ..."`
pain	P2734	done	2026-09-30	ZABZ-TECH	Verified ALREADY FIXED on 2026-09-30 by the pain-corpus audit (theme V05-harness), which ran a read-only check rather than trusting the entry. / WHY: The guard and its checker are committed to HEAD and the running engine is still 0.1.5-rc.1, so the 15-minute HarnessSync tick (task State Ready, LastTaskResult 0 at 11:32:01) resolves the running engine, finds it mismatched and SKIPS the two coupled steps instead of re-applying the migrated config. / COMMAND: `git -C C:\Users\ezabz\Code\harness-config grep -n -E "check_version_coupled|check-version-coupled" HEAD -- scripts/sync.py` / OBSERVED: `HEAD:scripts/sync.py:196:CHECKER = REPO / "scripts" / "check-version-coupled-config.py"` / `:437: if report_step("presets", *check_version_coupled("presets", args.engine_root)):` / `:441: profiles`; `git ls-tree --name-only HEAD scripts/` lists `scripts/check-version-coupled-config.py`
pain	P2733	done	2026-09-30	ZABZ-TECH	Verified ALREADY FIXED on 2026-09-30 by the pain-corpus audit (theme V05-harness), which ran a read-only check rather than trusting the entry. / WHY: Both named defects are repaired in committed code — the guard no longer trusts a transient `dshInstall`, and the switch rollback restores and verifies every config file it recorded. / COMMAND: `read C:\Users\ezabz\Code\harness-config\scripts\check-version-coupled-config.py` (lines 1-45) and `read C:\Users\ezabz\Code\harness-config\dsh-update\tools\switch-engine.ps1` (lines 31-36) / OBSERVED: checker: `dshInstall IS NEVER THE DECIDING INPUT WHILE AN ENGINE IS RUNNING` and engine root is derived from `THE PROCESS'S OWN COMMAND LINE`; switch: rollback `restores every recordedConfigFiles from its recorded copy, RE-HASHES each one against the recorded sha256`
pain	P2730	done	2026-09-30	ZABZ-TECH	Verified ALREADY FIXED on 2026-09-30 by the pain-corpus audit (theme V05-harness), which ran a read-only check rather than trusting the entry. / WHY: The guard now resolves schemastery through five candidate roots and writes an activation record, so a dead spend guard is no longer a silent warning line. / COMMAND: `Get-Content $env:USERPROFILE\.dsh\health\spend-guard.json` + `Select-String -Path C:\Users\ezabz\Code\harness-config\packages\plugin-cost\lib\guard.js -Pattern 'roots:|degraded:'` / OBSERVED: `"mounted": true, "degraded": false, "schema": {"package": "@deepseek-ai/schemastery", "mode": "loaded", "roots": [5 candidate roots]}`; guard.js `1027: roots: schemaInfo.roots`, `1019: degraded: !loaded`
pain	P2610	done	2026-09-30	ZABZ-TECH	Verified ALREADY FIXED on 2026-09-30 by the pain-corpus audit (theme V05-harness), which ran a read-only check rather than trusting the entry. / WHY: The preset plane the entry says no boot gate can see now has its own static gate (`preset-gate.mjs`), which is the G7 detector the entry demanded. / COMMAND: `Get-ChildItem C:\Users\ezabz\Code\harness-config\dsh-update\lib -Recurse -File | Select-String -Pattern 'preset' -List` / OBSERVED: `C:\Users\ezabz\Code\harness-config\dsh-update\lib\preset-gate.mjs`
pain	P2189	done	2026-09-30	ZABZ-TECH	Verified ALREADY FIXED on 2026-09-30 by the pain-corpus audit (theme V05-harness), which ran a read-only check rather than trusting the entry. / WHY: The rendered question the owner could not read now fits the visible band and its controls are tappable at every measured size, so the widget is no longer a dead end. / COMMAND: `dump:PHONE` (section `-- ui checks --`) / OBSERVED: `"question_card": {"ok": true, "summary": "430x560 … Submit and the options are tappable at every size."}` and `"question_card_live": {"ok": true, … "fits": false, "repaired": true} PASS — the question is inside the visible band at every size tried.`
pain	P267	done	2026-09-30	ZABZ-TECH	Verified ALREADY FIXED on 2026-09-30 by the pain-corpus audit (theme V05-harness), which ran a read-only check rather than trusting the entry. / WHY: The built-in search answers again, so the empty-balance 402 the entry describes is gone. / COMMAND: `web_search(queries=["DeepSeek API insufficient balance HTTP 402 status"])` / OBSERVED: returned 8 source URLs (api-docs.deepseek.com error codes, GitHub 402 issue, …) — no HTTP 402 and no balance error
pain	P216	done	2026-09-30	ZABZ-TECH	Verified ALREADY FIXED on 2026-09-30 by the pain-corpus audit (theme V05-harness), which ran a read-only check rather than trusting the entry. / WHY: The live tree and the git checkout now report the identical branch, ahead count and untracked set, so the named two-directional drift is reconciled. / COMMAND: `dump:GIT-STATE` / OBSERVED: `-- /home/zabz/harness-config --` and `-- /home/zabz/code/harness-config --` both report `## agent/housekeeping-wake-sources-sync...origin/agent/housekeeping-wake-sources-sync [ahead 2]`, `?? app.css`, `?? card-extracted.css`, `38 24`
pain	P208	done	2026-09-30	ZABZ-TECH	Verified ALREADY FIXED on 2026-09-30 by the pain-corpus audit (theme V05-harness), which ran a read-only check rather than trusting the entry. / WHY: A host plugin now gives `list_agents` a cooperative 8 s deadline plus a 3 s TTL cache and declares `timeoutMs`, and it is live (3 scans, 0 timeouts, last scan 2.1 s). / COMMAND: `Get-Content $env:USERPROFILE\.dsh\health\list-agents.json` + `Select-String -Path C:\Users\ezabz\Code\harness-config\packages\plugin-health\lib\agents-list.js -Pattern 'DEFAULT_CACHE_MS|DEFAULT_DEADLINE_MS'` / OBSERVED: `{"scans":3,…,"timeouts":0,"lastScanMs":2136,"cacheMs":3000,"deadlineMs":8000,"lastScanAt":"2026-09-30T15:21:47.067Z"}`; `52: const DEFAULT_CACHE_MS = 3000;` `53: const DEFAULT_DEADLINE_MS = 8000;` (`timeoutMs` is declared so the shipped policy arms a hard backstop)
pain	P47	done	2026-09-30	ZABZ-TECH	Verified ALREADY FIXED on 2026-09-30 by the pain-corpus audit (theme V05-harness), which ran a read-only check rather than trusting the entry. / WHY: The Shabbat automation files are tracked now, so the "one `git clean` from being lost" state is gone. / COMMAND: `git -C C:\Users\ezabz\Code\personal-secretary-mvp ls-files app/services/shabbat_orchestrator.py app/services/shabbat_safety.py app/services/shelly_plug.py` / OBSERVED: `app/services/shabbat_orchestrator.py` / `app/services/shabbat_safety.py` / `app/services/shelly_plug.py` (latest touch `8601634d fix(shabbat): hold the interior door open by disabling the re-locking automation`)
pain	P14b	done	2026-09-30	ZABZ-TECH	Verified ALREADY FIXED on 2026-09-30 by the pain-corpus audit (theme V05-harness), which ran a read-only check rather than trusting the entry. / WHY: A watchdog now polls and restarts on a schedule, so a dead engine is no longer silent until the owner notices. / COMMAND: `Get-ScheduledTaskInfo -TaskName 'DSH Window Fleet Watchdog'` / OBSERVED: `LastRunTime 9/30/2026 11:42:08 AM` / `LastTaskResult 0`
pain	P11	done	2026-09-30	ZABZ-TECH	Verified ALREADY FIXED on 2026-09-30 by the pain-corpus audit (theme V05-harness), which ran a read-only check rather than trusting the entry. / WHY: A preset-default change is visible to the next session without an engine restart, so the "changed but the running agent reports the old preset" trap is closed for new sessions. / COMMAND: `Select-String -Path <npx>\dsh-agent-presets\lib\index.js -Pattern 'unmemoized|Read per call'` / OBSERVED: `1155: Discovery is unmemoized: \`list()\` and \`resolve()\` re-read the roots on every call` / `1333: Read per call rather than cached: the settings document is hot-reloaded`
pain	P8	done	2026-09-30	ZABZ-TECH	Verified ALREADY FIXED on 2026-09-30 by the pain-corpus audit (theme V05-harness), which ran a read-only check rather than trusting the entry. / WHY: A scheduled sync now exists on both hosts, so drift no longer resumes the moment someone forgets. / COMMAND: `Get-ScheduledTask -TaskName 'PersonalSecretary-HarnessSync' | Select-Object TaskName,State` + `dump:CRON` / OBSERVED: `PersonalSecretary-HarnessSync Ready` (LastTaskResult 0 at 11:32:01); authority cron `*/15 * * * * /home/zabz/bin/journal-commit.sh … && /home/zabz/harness-config/scripts/autosync.sh`
pain	P2735	done	2026-09-30	ZABZ-TECH	Verified ALREADY FIXED on 2026-09-30 by the pain-corpus audit (theme V06-sms), which ran a read-only check rather than trusting the entry. / WHY: The script now patches the transport where the code resolves it (sys.modules["textsend"]), fires a canary and REFUSES to continue unless the outbox count is unchanged, so its "NOT SENT" claim can no longer be printed before the interception is proven; the one real text it sent on 2026-09-28 is history, not a live defect. / COMMAND: Get-Content C:\Users\ezabz\Code\harness-config\scripts\wake\prove-reply-path.py | Select-Object -Skip 76 -First 21 / OBSERVED: print("=== STEP 1: CANARY - prove the interception is inert BEFORE trusting it ===") | if after != before: | print(" CANARY ESCAPED. The interception is NOT inert - a real send just happened.")
pain	P83	done	2026-09-30	ZABZ-TECH	Verified ALREADY FIXED on 2026-09-30 by the pain-corpus audit (theme V06-sms), which ran a read-only check rather than trusting the entry. / WHY: The file that blocked every owner SMS is gone from the authority's data/ and the kernel reports "owner SMS is armed and quiet ... none of them a send fault" (dump:KERNEL), while the failover watch now writes a machine-readable status so a model flip is visible; the Google Voice cause is not covered by the dump and was not checked. / COMMAND: dump:SECRETS (-- kill switch --); git -C C:\Users\ezabz\Code\harness-config grep -n "badge or a future session" -- scripts/model-failover-watch.py / OBSERVED: -- kill switch -- (nothing listed under it: `ls -l .../data/OWNER_SMS_KILL_SWITCH*` returned no files) | scripts/model-failover-watch.py:246: # A machine-readable surface so a monitor, the badge or a future session can
pain	P51	done	2026-09-30	ZABZ-TECH	Verified ALREADY FIXED on 2026-09-30 by the pain-corpus audit (theme V06-sms), which ran a read-only check rather than trusting the entry. / WHY: The exact file the entry names (`personal-secretary-mvp/data/OWNER_SMS_KILL_SWITCH`) no longer exists on the authority and owner_message_queue's sent count has risen from the entry's 742 to 758, so the all-or-nothing gate is no longer swallowing every owner SMS; whether the prescribed rate limit replaced it is not shown by the dump. / COMMAND: dump:SECRETS (-- kill switch --); dump:DB (-- owner_message_queue --) / OBSERVED: -- kill switch -- (no file listed) | sent|758
pain	P245	done	2026-09-30	ZABZ-TECH	Verified ALREADY FIXED on 2026-09-30 by the pain-corpus audit (theme V07-business), which ran a read-only check rather than trusting the entry. / WHY: The rule the entry said did not catch the failure case is now written in and applied — the Joe Fishman sync record even carries explicit `failureCaseCost` and `openRisk` fields stating the per-drive failure position, so the deposit is sized against the lab's own non-refundable exposure. / COMMAND: rg -n "THE DEPOSIT POLICY" C:\Users\ezabz\Code\lpt-hub\docs\customer-operations\300ddr-full-customer-referral-workflow.md / OBSERVED: `10:## 💵 THE DEPOSIT POLICY — read this before you quote any customer`, and `docs/customer-operations/recovery-index.md:78` now carries the rule: "Deposit must cover the lab's OUTCOME-INDEPENDENT cost — $160/drive base + $100/drive open-cover ... + the model's average donor figure ... collected as a CREDIT against the agreed price ... and ≥$200 net profit per drive even after donor cost".
pain	P223	done	2026-09-30	ZABZ-TECH	Verified ALREADY FIXED on 2026-09-30 by the pain-corpus audit (theme V07-business), which ran a read-only check rather than trusting the entry. / WHY: The missing link the entry names — a paid supplier order with no delivery check — is now built and scheduled: orders are ingested into `purchases` and an aging watchdog raises tasks for ones that never shipped; the one thing the dump cannot show is the log tail, so NEEDS-MANAGER carries the confirming command. / COMMAND: dump:CRON / OBSERVED: `10 */6 * * * /home/zabz/personal-secretary-mvp/.venv/bin/python /home/zabz/personal-secretary-mvp/scripts/supplier-order-ingest.py --apply >> /home/zabz/.personal-secretary/supplier-delivery-watch.log 2>&1` and `17 */6 * * * .../scripts/supplier-delivery-watch.py --create-tasks >> /home/zabz/.personal-secretary/supplier-delivery-watch.log 2>&1`; the repo confirms both artifacts exist (`c811528f w
pain	P2186	done	2026-09-30	ZABZ-TECH	Verified ALREADY FIXED on 2026-09-30 by the pain-corpus audit (theme V08-owner), which ran a read-only check rather than trusting the entry. / WHY: a not-before gate now exists and the dispatcher honours it (`scripts/wake.py:684` "New rows that are past their not_before and inside every per-row gate"); the CLI spelling is `flag --cooldown-seconds`, not `--not-before`, and the reminder path is unchanged. / COMMAND: dump:WAKE-STATUS / OBSERVED: `IDLE : healthy - 8 row(s) waiting, NONE claimable now; earliest 2026-10-01T19:44:24+00:00 (dormant-archive:20260928)` ; dump:WAKE new rows: `7|odq-answer-open:61|new|2026-10-28T19:00:05+00:00`
pain	P52	done	2026-09-30	ZABZ-TECH	Verified ALREADY FIXED on 2026-09-30 by the pain-corpus audit (theme V08-owner), which ran a read-only check rather than trusting the entry. / WHY: the sentinel's `session_archive` check that reported an idle fleet as HIGH is no longer in the sweep's finding list, which is the change H74 claims (HIGH/not-ok became INFO/ok); the two-alarms-disagreeing defect is gone. / COMMAND: dump:KERNEL / OBSERVED: findings are `[! ] agent_dead_weight`, `[! ] attention_debt`, `[! ] comms_freshness`, `[! ] owner_queue`; checks are `[ok] replication`, `[ok] liveness`, `[ok] telemetry_gaps`, `[ok] tick_completion`, `[ok] empty_ticks`, `[ok] delivery` — no `session_archive` finding at all
pain	P40	done	2026-09-30	ZABZ-TECH	Verified ALREADY FIXED on 2026-09-30 by the pain-corpus audit (theme V08-owner), which ran a read-only check rather than trusting the entry. / WHY: findings now have a consumer — a digest is written every 30 minutes and the kernel reports delivery green with no send fault — so "detected and routed to nobody" no longer describes the live system; the residue is only what the digest covers. / COMMAND: dump:CRON / OBSERVED: `*/30 * * * * /home/zabz/personal-secretary-mvp/scripts/server/owner-attention-digest.sh > /home/zabz/secretary-attention-digest/latest.txt 2>&1` ; dump:KERNEL: `[ok] delivery -- owner SMS is armed and quiet (nothing has needed him by text for 1.5d); app surface last written 5 min ago, 3 held item(s), none of them a send fault`
pain	P336	done	2026-09-30	ZABZ-TECH	Verified ALREADY FIXED on 2026-09-30 by the pain-corpus audit (theme V10-estate), which ran a read-only check rather than trusting the entry. / WHY: The TPM now reports the version Windows Update was offering (15.24.18954.0, was 15.23.17664.0), no firmware-class update is offered any more (8 pending offers, none Lenovo firmware), and the most recent boot (2026-09-27 10:50) loaded the existing Hello container (`8002`) with no `3611` in the Hello log since 2026-09-20. / COMMAND: `Get-CimInstance -Namespace 'root\cimv2\security\microsofttpm' -ClassName Win32_Tpm | Select-Object ManufacturerVersion,SpecVersion; pnputil /enum-devices /class Firmware` / OBSERVED: `ManufacturerVersion : 15.24.18954.0` / `SpecVersion : 2.0, 0, 1.59`; `Instance ID: UEFI\RES_{2327d974-d5a6-4f5e-909a-94229bd95964}\0` — `Device Description: ThinkCentre P3 Tiny TPM Firmware 15.24.18954.0` — `Status: Started`
pain	P169	done	2026-09-30	ZABZ-TECH	Verified ALREADY FIXED on 2026-09-30 by the pain-corpus audit (theme V10-estate), which ran a read-only check rather than trusting the entry. / WHY: The tracked Caddyfile no longer carries a committed credential — the hash is substituted from the environment, exactly the edit the entry asked for (it still needs the Caddy force-recreate the entry itself says belongs in a window). / COMMAND: `Select-String -Path 'C:\Users\ezabz\Code\personal-secretary-mvp\deploy\waze-mdm\Caddyfile' -Pattern 'basic_auth|DASHBOARD_PASSWORD_HASH'` / OBSERVED: `83: basic_auth {` / `84: ezabz {$DASHBOARD_PASSWORD_HASH}` / `94: basic_auth {` / `95: ezabz {$DASHBOARD_PASSWORD_HASH}` (no bcrypt literal anywhere in the file)
pain	P78	done	2026-09-30	ZABZ-TECH	Verified ALREADY FIXED on 2026-09-30 by the pain-corpus audit (theme V10-estate), which ran a read-only check rather than trusting the entry. / WHY: Both named facts are contradicted — `startWithConsent` now has a production caller (`ScreenshotConsent.handleResult`, driven from the MainActivity consent launcher) and `createScreenCaptureIntent()` exists and is reached from a user action, with tests that assert the wire rather than the file. / COMMAND: `Get-ChildItem 'C:\Users\ezabz\Code\kosher-filter-ai\android\app\src\main' -Recurse -File -Include '*.kt','*.java' | Select-String -Pattern 'ScreenshotConsent'` / OBSERVED: `MainActivity.kt:354: projectionConsentLauncher.launch(ScreenshotConsent.requestIntent(this))`; `ScreenshotConsent.kt:143: return manager.createScreenCaptureIntent()`; `ScreenshotConsent.kt:163: ScreenshotService.startWithConsent(`; plus `src\test\...\ScreenshotConsentTest.kt` and `ScreenshotServiceConsentWiringTest.kt`
pain	P15b	done	2026-09-30	ZABZ-TECH	Verified ALREADY FIXED on 2026-09-30 by the pain-corpus audit (theme V10-estate), which ran a read-only check rather than trusting the entry. / WHY: The snapshot writer now targets the database the API actually reads, with an honest failure path and a freshness check beside it; what remains is the entry's own footnote (the manual `--report` path still persists without an assertion). / COMMAND: `Select-String -Path 'C:\Users\ezabz\Code\personal-secretary-mvp\deploy\waze-mdm\fleet-api\telnyx_billing.py' -Pattern 'def _connect_db|if PG_DSN|return _connect_pg'` / OBSERVED: `379: def _connect_db():` — docstring `**Prefers PostgreSQL when ``PG_DSN`` is set**` — `396: if PG_DSN:` / `397: return _connect_pg()`
pain	P221	done	2026-09-30	ZABZ-TECH	Verified ALREADY FIXED on 2026-09-30 by the pain-corpus audit (theme V10-estate), which ran a read-only check rather than trusting the entry. / WHY: The one elevated action the entry said would fix it has been taken — the `DSH Phone Gate` scheduled task exists and runs every five minutes (last result 0) — and the gate process has now survived ~2 days, against the deaths-every-few-hours the entry measured. / COMMAND: `Get-ScheduledTask -TaskName 'DSH Phone Gate' | Select-Object -ExpandProperty Actions; Get-ScheduledTaskInfo -TaskName 'DSH Phone Gate' | Select-Object LastRunTime,LastTaskResult,NextRunTime; Get-Process -Id 27824 | Select-Object ProcessName,StartTime` / OBSERVED: `Arguments : //B //NoLogo "C:\Users\ezabz\code\harness-config\scripts\hidden-tasks\DSH_Phone_Gate.vbs"` / `LastRunTime : 9/30/2026 11:42:01 AM` / `LastTaskResult : 0` / `NextRunTime : 9/30/2026 11:47:00 AM` / `pythonw` `StartTime : 9/28/2026 2:09:13 PM`
pain	P204	done	2026-09-30	ZABZ-TECH	test
pain	P204	done	2026-09-30	ZABZ-TECH	Verified ALREADY FIXED 2026-09-30 by the pain-corpus audit (theme V01-journal), which ran a read-only check rather than trusting the entry. WHY: the mechanism the entry names is contradicted — the tool has grown from ~2,900 lines at the entry to 4,826 with many added functions and `check` returns 0 errors with no mass heading-form class (ZABZ-YOGA's D264 also retracted it after 13 non-reproductions); the exact repro (append ~120 lines to a copy and re-run) is a write and is listed under NEEDS-MANAGER for confirmation. || COMMAND: `python C:\Users\ezabz\Code\harness-config\journal\tools\journal.py check; (Get-Content C:\Users\ezabz\Code\harness-config\journal\tools\journal.py | Measure-Object).Count` || OBSERVED: `-- 0 error(s), 153 warning(s), 82 info`; `4826`.
pain	P163	done	2026-09-30	ZABZ-TECH	Verified ALREADY FIXED 2026-09-30 by the pain-corpus audit (theme V01-journal), which ran a read-only check rather than trusting the entry. WHY: `cmd_search` now reads bodies through `EntryTexts` (fts5 bodies with a per-file fallback), so the body-only false negative the entry recorded no longer occurs. || COMMAND: `python C:\Users\ezabz\Code\harness-config\journal\tools\journal.py search "inter-start gap"` || OBSERVED: `H278 · handoff · … median inter-start gap 70 s**` / `P163 · pain · …` / `W136 · wins · … median inter-start gap **70 s**` — the phrase is matched inside W136's body.
pain	P2553	done	2026-09-30	ZABZ-TECH	Verified ALREADY FIXED 2026-09-30 by the pain-corpus audit (theme V02-db), which ran a read-only check rather than trusting the entry. WHY: the disk is at 80% with 90 GB free (was 100% / 17 MB) and the 12:00Z snapshot holds a complete database, so neither the full disk nor the failed backup is true; the live DB is now 14.2 GB and the prune log's last line is still `/bin/sh: 1: .../prune-backups.sh: not found`, though that script exists again (mtime Sep 30 15:18). || COMMAND: dump:DISK ; dump:BACKUPS ; dump:DB || OBSERVED: `/dev/mapper/ubuntu--vg-ubuntu--lv 467G 358G 90G 80% /` ; `-rw-r--r-- 1 zabz zabz 1644424135 Sep 30 12:20 personal-secretary-runtime.tgz` + `-rw-r--r-- 1 zabz zabz 14115123200 Sep 30 12:09 secretary.db` inside `20260930T120001Z` ; `-rw-r--r-- 1 zabz zabz 14213402624 Sep 30 15:18 /home/zabz/personal-secretary-mvp/data/secretary.db`
pain	P342	done	2026-09-30	ZABZ-TECH	Verified ALREADY FIXED 2026-09-30 by the pain-corpus audit (theme V02-db), which ran a read-only check rather than trusting the entry. WHY: load is 0.94 on the 4-core authority (the entry measured 22.07 with `io full avg10=95.60`) and the broker answers 200, so neither the I/O starvation nor the false `broker-unreachable` is present — the two units installed in the entry's own session are still doing their job. || COMMAND: dump:WHEN ; dump:MESH || OBSERVED: `15:23:47 up 3 days, 34 min, 10 users, load average: 0.94, 0.87, 0.86` ; `broker 200`
pain	P2410	done	2026-09-30	ZABZ-TECH	Verified ALREADY FIXED 2026-09-30 by the pain-corpus audit (theme V03-api), which ran a read-only check rather than trusting the entry. WHY: both halves of the fix are in place — the token was bumped off the stale 09-16 value and is now derived from the layer bytes, so a tab holding an old layer can no longer compare equal to the served one. || COMMAND: rg -n "with_derived_layer_token|phone-layer-version" C:\Users\ezabz\Code\harness-config\scripts\phone-gate.py C:\Users\ezabz\Code\harness-config\assets\mobile.css ; dump:PHONE || OBSERVED: `scripts/phone-gate.py:547: def with_derived_layer_token(layer: bytes) -> bytes:` (token replaced by a sha256 of the layer at 574-577); `assets/mobile.css:1: /* phone-layer-version: 2026-09-24.1` (was 2026-09-16.3). dump:PHONE `"question_card_live": {"ok": true, ... "repaired": true} PASS — the question is inside the visible band at every size tried.` and `"question_card": {"ok": true ...} PASS`.
pain	P2130	done	2026-09-30	ZABZ-TECH	Verified ALREADY FIXED 2026-09-30 by the pain-corpus audit (theme V03-api), which ran a read-only check rather than trusting the entry. WHY: ticks are completing (73 today, newest 0.0m ago) so the "almost no progress" headline is gone on the authority; the 600 s ceiling itself is untouched in code (autopilot.py:5271), so an over-long tick would still be abandoned rather than finished. || COMMAND: dump:KERNEL || OBSERVED: `[ok] tick_completion -- tick completion healthy now (77% on 2026-09-30, 73 ticks); 4 historical collapse window(s) in 120 days ... newest 2026-08-23..2026-08-24 -- recorded, not live` and `[ok] liveness -- ticking: newest tick 0.0m ago`.
pain	P2128	done	2026-09-30	ZABZ-TECH	Verified ALREADY FIXED 2026-09-30 by the pain-corpus audit (theme V03-api), which ran a read-only check rather than trusting the entry. WHY: the mechanism the entry names — a signature demanding `onetalk_url`/`api_key` that the model-facing schema does not expose and no config supplies — no longer exists: the schema and the implementation now match, so the tool is no longer unusable by construction; the work order still declares it REQUIRED (work_orders.py:648,660), which is harmless if the wrapper runs (its runtime success is unverifi || COMMAND: rg -n "onetalk_url|api_key" C:\Users\ezabz\Code\personal-secretary-mvp\data\tools\alibaba_onetalk_automation.py ; rg -n "required|additionalProperties" C:\Users\ezabz\Code\personal-secretary-mvp\app\services\department_tools.py || OBSERVED: no matches — the tool implementation never mentions `onetalk_url` or `api_key`; it shells out to `lpt-hub/scripts/procurement-assistant/procurement_assistant.py` (path built at lines 12-21). `department_tools.py:492: "required": ["action"],` / `493: "additionalProperties": False` with properties `action`, `dry_run`, `sync_limit`, `follow_up_days`; the script exists in the local lpt-hub and is 12,6
pain	P211	done	2026-09-30	ZABZ-TECH	Verified ALREADY FIXED 2026-09-30 by the pain-corpus audit (theme V03-api), which ran a read-only check rather than trusting the entry. WHY: no OOM kill and no ~20 GB growth — the process is nowhere near the death spiral the entry describes; swap pressure is the only remaining memory symptom. || COMMAND: dump:HEALTH ; dump:MEM || OBSERVED: `-- api OOM kills --` / `0` ; `ActiveEnterTimestamp=Wed 2026-09-30 15:20:45 UTC` / `NRestarts=0` ; `Mem: 23421 total, 5809 used ... available 17612` / `Swap: 4095 used 3613`.
pain	P186	done	2026-09-30	ZABZ-TECH	Verified ALREADY FIXED 2026-09-30 by the pain-corpus audit (theme V03-api), which ran a read-only check rather than trusting the entry. WHY: a dashboard surface now reads the reminder rows and lets the owner reply/acknowledge them, so marking a reminder `sent` with `delivery_channel='dashboard'` is no longer success for reaching nobody. || COMMAND: rg -n "/api/v1/reminders" C:\Users\ezabz\Code\personal-secretary-mvp\app\main.py C:\Users\ezabz\Code\personal-secretary-mvp\web\app\inbox\page.tsx C:\Users\ezabz\Code\personal-secretary-mvp\web\app\calendar\page.tsx || OBSERVED: `main.py:21331: @app.get("/api/v1/reminders")` (returns `{"ok": True, "reminders": ..., "count": ...}`); `web/app/inbox/page.tsx:548: backendFetchJson<{ reminders: ReminderItem[] }>("/api/v1/reminders?status=attention&limit=50", { timeoutMs: 10_000 })` with per-reminder reply posting at 227/243; `web/app/calendar/page.tsx:262: backendFetchJson<RemindersResponse>("/reminders?limit=200", ...)`.
pain	P2554	done	2026-09-30	ZABZ-TECH	Verified ALREADY FIXED 2026-09-30 by the pain-corpus audit (theme V04-mesh), which ran a read-only check rather than trusting the entry. WHY: The broker answers and the authority reaches `zabz-tech-linux`, and the dispatcher's own record shows a mesh child completing on `zabz-tech-ts`, so the deterministic mesh-provider failure and the forced LOCAL fallback no longer hold today. || COMMAND: dump:MESH (broker 200 + `-- ssh reachability from authority --`) || OBSERVED: `broker 200`; `zabz-tech-linux: zabz-tech-linux`; on 2026-09-30 wakes were released and completed on a mesh node: `releasing wake #152 ... by wake-dispatch@secratary -> zabz-tech-ts` then `released 2026-09-30 wake #152 done exit=0 runner_code=0 ... subject="project:housekeeping:20260930#2"`
pain	P2188	done	2026-09-30	ZABZ-TECH	Verified ALREADY FIXED 2026-09-30 by the pain-corpus audit (theme V04-mesh), which ran a read-only check rather than trusting the entry. WHY: The alias no longer pins the key that was absent from the authority's authorized_keys; on this host every mesh alias now offers `~/.ssh/zabz-tech-ed25519`, which exists (419 bytes), so the wrong-key cause is repaired. || COMMAND: `Select-String -Path $env:USERPROFILE\.ssh\config -Pattern 'Host |IdentityFile'` || OBSERVED: `57: Host secretary-ts secratary-ts` / `60: IdentityFile ~/.ssh/zabz-tech-ed25519`; the rest of the file (`desktop-ts`, `laptop-ts`, …) also uses `zabz-tech-ed25519`; the failing `id_rsa_linux_pc` pin is gone from every `*-ts` alias
pain	P250	done	2026-09-30	ZABZ-TECH	Verified ALREADY FIXED 2026-09-30 by the pain-corpus audit (theme V04-mesh), which ran a read-only check rather than trusting the entry. WHY: The tree the machine would now boot is 0.3.0 with the placement row in it, not the placement-less 0.1.0 bundle the entry says it boots, so the headline defect no longer describes the artifact on disk. || COMMAND: `Select-String -Path packages/plugin-remote-fanout/package.json -Pattern 'version|name'` + `Get-ChildItem profiles -Recurse -Filter cordis.patch.yml` || OBSERVED: `"version": "0.3.0"` / `"name": "dsh-plugin-remote-fanout"`; the tree carries `profiles\web\cordis.patch.yml` (115,583 bytes) and `profiles\mesh\cordis.patch.yml` (7,616 bytes)
pain	P241	done	2026-09-30	ZABZ-TECH	Verified ALREADY FIXED 2026-09-30 by the pain-corpus audit (theme V04-mesh), which ran a read-only check rather than trusting the entry. WHY: The broker-driven placement files and the row now exist in a commit and are in HEAD, so the "exists in no commit, every node falls back to a named target" headline is contradicted. || COMMAND: `git -C C:\Users\ezabz\Code\harness-config ls-files packages/plugin-remote-fanout/lib` + `git merge-base --is-ancestor 263785d HEAD` || OBSERVED: `packages/plugin-remote-fanout/lib/broker-client.js` … `lib/placement.js` … `lib/nodes.js` … `lib/provider.js` … all listed as tracked; `exit=0`; `263785d 2026-09-17 mesh: broker-driven placement — a child goes where the broker says`
pain	P199	done	2026-09-30	ZABZ-TECH	Verified ALREADY FIXED 2026-09-30 by the pain-corpus audit (theme V04-mesh), which ran a read-only check rather than trusting the entry. WHY: `ps-mesh file` now reads base64, decodes to bytes and writes bytes, and a `write` verb exists, so the read-modify-write round trip the entry says corrupts non-ASCII records is byte-faithful by construction. || COMMAND: `read C:\Users\ezabz\Code\harness-config\scripts\ps-mesh.mjs` (offset 200) + `git log -1 -- scripts/ps-mesh.mjs` || OBSERVED: `224: if (VERB === 'file' || VERB === 'read') {` … `232: const b64 = r.out.replace(/\s+/g, '');` … `234: buf = Buffer.from(b64, 'base64');` … `241: wrote ${local} (${buf.length} bytes, byte-faithful)`; and `248: if (VERB === 'write') {` … `258: writeFileB64(host, p, bytes.toString('base64'), 120000)`; commit `8ee2cfa 2026-09-15 Fix the two defects her agent found in my tooling (journal P166/L1568,
pain	P198	done	2026-09-30	ZABZ-TECH	Verified ALREADY FIXED 2026-09-30 by the pain-corpus audit (theme V04-mesh), which ran a read-only check rather than trusting the entry. WHY: The single quiet retry on a 5xx that the entry asked for is in the tool, so a transient 502/500 is no longer reported as the archive being down. || COMMAND: `Select-String -Path C:\Users\ezabz\Code\harness-config\scripts\ps-system.mjs -Pattern 'retry|502|500'` || OBSERVED: `107: // RETRY ONCE ON A 5xx. Added because her agent measured the need FROM HER MAC and filed it as` / `133: if (res.status >= 500 && attempt === 1) {`; commit `8ee2cfa 2026-09-15`
pain	P164	done	2026-09-30	ZABZ-TECH	Verified ALREADY FIXED 2026-09-30 by the pain-corpus audit (theme V04-mesh), which ran a read-only check rather than trusting the entry. WHY: A standalone scheduled task now polls the local prerequisites every five minutes and the script repairs IP Helper before Tailscale and checks the portproxy, so "nothing watches these services" is contradicted on this node. || COMMAND: `Get-ScheduledTask | Where-Object { $_.TaskName -match 'Mesh|Prereq' }` + `Get-Service Tailscale,IpHlpSvc` || OBSERVED: `DSH Mesh Prereqs (5m) Ready` with action `pwsh.exe -NoProfile -NonInteractive -WindowStyle Hidden -File "C:\Users\ezabz\code\harness-config\scripts\ensure-mesh-prereqs.ps1"`; `IpHlpSvc Running Automatic` / `Tailscale Running Automatic`; commit `b0ffe0c 2026-09-15`
pain	P43b	done	2026-09-30	ZABZ-TECH	Verified ALREADY FIXED 2026-09-30 by the pain-corpus audit (theme V04-mesh), which ran a read-only check rather than trusting the entry. WHY: The gate now records the Serve-forwarded device address (and the raw `xff=` when a caller supplied its own) on every request it decides on, so the phone path can say which device connected. || COMMAND: `read C:\Users\ezabz\Code\harness-config\scripts\phone-gate.py` (offset 2240) || OBSERVED: `2248: # Who is asking, decided by the one header a caller cannot forge through Serve: the address` / `2254: device = forwarded_device(first)` / `2272: note(f"{method} {path}... client={_log_text(device) if device else 'loopback'} peer={client_ip}{spoof} ..."`
pain	P2734	done	2026-09-30	ZABZ-TECH	Verified ALREADY FIXED 2026-09-30 by the pain-corpus audit (theme V05-harness), which ran a read-only check rather than trusting the entry. WHY: The guard and its checker are committed to HEAD and the running engine is still 0.1.5-rc.1, so the 15-minute HarnessSync tick (task State Ready, LastTaskResult 0 at 11:32:01) resolves the running engine, finds it mismatched and SKIPS the two coupled steps instead of re-applying the migrated config. || COMMAND: `git -C C:\Users\ezabz\Code\harness-config grep -n -E "check_version_coupled|check-version-coupled" HEAD -- scripts/sync.py` || OBSERVED: `HEAD:scripts/sync.py:196:CHECKER = REPO / "scripts" / "check-version-coupled-config.py"` / `:437: if report_step("presets", *check_version_coupled("presets", args.engine_root)):` / `:441: profiles`; `git ls-tree --name-only HEAD scripts/` lists `scripts/check-version-coupled-config.py`
pain	P2733	done	2026-09-30	ZABZ-TECH	Verified ALREADY FIXED 2026-09-30 by the pain-corpus audit (theme V05-harness), which ran a read-only check rather than trusting the entry. WHY: Both named defects are repaired in committed code — the guard no longer trusts a transient `dshInstall`, and the switch rollback restores and verifies every config file it recorded. || COMMAND: `read C:\Users\ezabz\Code\harness-config\scripts\check-version-coupled-config.py` (lines 1-45) and `read C:\Users\ezabz\Code\harness-config\dsh-update\tools\switch-engine.ps1` (lines 31-36) || OBSERVED: checker: `dshInstall IS NEVER THE DECIDING INPUT WHILE AN ENGINE IS RUNNING` and engine root is derived from `THE PROCESS'S OWN COMMAND LINE`; switch: rollback `restores every recordedConfigFiles from its recorded copy, RE-HASHES each one against the recorded sha256`
pain	P2730	done	2026-09-30	ZABZ-TECH	Verified ALREADY FIXED 2026-09-30 by the pain-corpus audit (theme V05-harness), which ran a read-only check rather than trusting the entry. WHY: The guard now resolves schemastery through five candidate roots and writes an activation record, so a dead spend guard is no longer a silent warning line. || COMMAND: `Get-Content $env:USERPROFILE\.dsh\health\spend-guard.json` + `Select-String -Path C:\Users\ezabz\Code\harness-config\packages\plugin-cost\lib\guard.js -Pattern 'roots:|degraded:'` || OBSERVED: `"mounted": true, "degraded": false, "schema": {"package": "@deepseek-ai/schemastery", "mode": "loaded", "roots": [5 candidate roots]}`; guard.js `1027: roots: schemaInfo.roots`, `1019: degraded: !loaded`
pain	P2610	done	2026-09-30	ZABZ-TECH	Verified ALREADY FIXED 2026-09-30 by the pain-corpus audit (theme V05-harness), which ran a read-only check rather than trusting the entry. WHY: The preset plane the entry says no boot gate can see now has its own static gate (`preset-gate.mjs`), which is the G7 detector the entry demanded. || COMMAND: `Get-ChildItem C:\Users\ezabz\Code\harness-config\dsh-update\lib -Recurse -File | Select-String -Pattern 'preset' -List` || OBSERVED: `C:\Users\ezabz\Code\harness-config\dsh-update\lib\preset-gate.mjs`
pain	P2189	done	2026-09-30	ZABZ-TECH	Verified ALREADY FIXED 2026-09-30 by the pain-corpus audit (theme V05-harness), which ran a read-only check rather than trusting the entry. WHY: The rendered question the owner could not read now fits the visible band and its controls are tappable at every measured size, so the widget is no longer a dead end. || COMMAND: `dump:PHONE` (section `-- ui checks --`) || OBSERVED: `"question_card": {"ok": true, "summary": "430x560 … Submit and the options are tappable at every size."}` and `"question_card_live": {"ok": true, … "fits": false, "repaired": true} PASS — the question is inside the visible band at every size tried.`
pain	P267	done	2026-09-30	ZABZ-TECH	Verified ALREADY FIXED 2026-09-30 by the pain-corpus audit (theme V05-harness), which ran a read-only check rather than trusting the entry. WHY: The built-in search answers again, so the empty-balance 402 the entry describes is gone. || COMMAND: `web_search(queries=["DeepSeek API insufficient balance HTTP 402 status"])` || OBSERVED: returned 8 source URLs (api-docs.deepseek.com error codes, GitHub 402 issue, …) — no HTTP 402 and no balance error
pain	P216	done	2026-09-30	ZABZ-TECH	Verified ALREADY FIXED 2026-09-30 by the pain-corpus audit (theme V05-harness), which ran a read-only check rather than trusting the entry. WHY: The live tree and the git checkout now report the identical branch, ahead count and untracked set, so the named two-directional drift is reconciled. || COMMAND: `dump:GIT-STATE` || OBSERVED: `-- /home/zabz/harness-config --` and `-- /home/zabz/code/harness-config --` both report `## agent/housekeeping-wake-sources-sync...origin/agent/housekeeping-wake-sources-sync [ahead 2]`, `?? app.css`, `?? card-extracted.css`, `38 24`
pain	P208	done	2026-09-30	ZABZ-TECH	Verified ALREADY FIXED 2026-09-30 by the pain-corpus audit (theme V05-harness), which ran a read-only check rather than trusting the entry. WHY: A host plugin now gives `list_agents` a cooperative 8 s deadline plus a 3 s TTL cache and declares `timeoutMs`, and it is live (3 scans, 0 timeouts, last scan 2.1 s). || COMMAND: `Get-Content $env:USERPROFILE\.dsh\health\list-agents.json` + `Select-String -Path C:\Users\ezabz\Code\harness-config\packages\plugin-health\lib\agents-list.js -Pattern 'DEFAULT_CACHE_MS|DEFAULT_DEADLINE_MS'` || OBSERVED: `{"scans":3,…,"timeouts":0,"lastScanMs":2136,"cacheMs":3000,"deadlineMs":8000,"lastScanAt":"2026-09-30T15:21:47.067Z"}`; `52: const DEFAULT_CACHE_MS = 3000;` `53: const DEFAULT_DEADLINE_MS = 8000;` (`timeoutMs` is declared so the shipped policy arms a hard backstop)
pain	P47	done	2026-09-30	ZABZ-TECH	Verified ALREADY FIXED 2026-09-30 by the pain-corpus audit (theme V05-harness), which ran a read-only check rather than trusting the entry. WHY: The Shabbat automation files are tracked now, so the "one `git clean` from being lost" state is gone. || COMMAND: `git -C C:\Users\ezabz\Code\personal-secretary-mvp ls-files app/services/shabbat_orchestrator.py app/services/shabbat_safety.py app/services/shelly_plug.py` || OBSERVED: `app/services/shabbat_orchestrator.py` / `app/services/shabbat_safety.py` / `app/services/shelly_plug.py` (latest touch `8601634d fix(shabbat): hold the interior door open by disabling the re-locking automation`)
pain	P14b	done	2026-09-30	ZABZ-TECH	Verified ALREADY FIXED 2026-09-30 by the pain-corpus audit (theme V05-harness), which ran a read-only check rather than trusting the entry. WHY: A watchdog now polls and restarts on a schedule, so a dead engine is no longer silent until the owner notices. || COMMAND: `Get-ScheduledTaskInfo -TaskName 'DSH Window Fleet Watchdog'` || OBSERVED: `LastRunTime 9/30/2026 11:42:08 AM` / `LastTaskResult 0`
pain	P11	done	2026-09-30	ZABZ-TECH	Verified ALREADY FIXED 2026-09-30 by the pain-corpus audit (theme V05-harness), which ran a read-only check rather than trusting the entry. WHY: A preset-default change is visible to the next session without an engine restart, so the "changed but the running agent reports the old preset" trap is closed for new sessions. || COMMAND: `Select-String -Path <npx>\dsh-agent-presets\lib\index.js -Pattern 'unmemoized|Read per call'` || OBSERVED: `1155: Discovery is unmemoized: \`list()\` and \`resolve()\` re-read the roots on every call` / `1333: Read per call rather than cached: the settings document is hot-reloaded`
pain	P8	done	2026-09-30	ZABZ-TECH	Verified ALREADY FIXED 2026-09-30 by the pain-corpus audit (theme V05-harness), which ran a read-only check rather than trusting the entry. WHY: A scheduled sync now exists on both hosts, so drift no longer resumes the moment someone forgets. || COMMAND: `Get-ScheduledTask -TaskName 'PersonalSecretary-HarnessSync' | Select-Object TaskName,State` + `dump:CRON` || OBSERVED: `PersonalSecretary-HarnessSync Ready` (LastTaskResult 0 at 11:32:01); authority cron `*/15 * * * * /home/zabz/bin/journal-commit.sh … && /home/zabz/harness-config/scripts/autosync.sh`
pain	P2735	done	2026-09-30	ZABZ-TECH	Verified ALREADY FIXED 2026-09-30 by the pain-corpus audit (theme V06-sms), which ran a read-only check rather than trusting the entry. WHY: The script now patches the transport where the code resolves it (sys.modules["textsend"]), fires a canary and REFUSES to continue unless the outbox count is unchanged, so its "NOT SENT" claim can no longer be printed before the interception is proven; the one real text it sent on 2026-09-28 is history, not a live defect. || COMMAND: Get-Content C:\Users\ezabz\Code\harness-config\scripts\wake\prove-reply-path.py | Select-Object -Skip 76 -First 21 || OBSERVED: print("=== STEP 1: CANARY - prove the interception is inert BEFORE trusting it ===") | if after != before: | print(" CANARY ESCAPED. The interception is NOT inert - a real send just happened.")
pain	P83	done	2026-09-30	ZABZ-TECH	Verified ALREADY FIXED 2026-09-30 by the pain-corpus audit (theme V06-sms), which ran a read-only check rather than trusting the entry. WHY: The file that blocked every owner SMS is gone from the authority's data/ and the kernel reports "owner SMS is armed and quiet ... none of them a send fault" (dump:KERNEL), while the failover watch now writes a machine-readable status so a model flip is visible; the Google Voice cause is not covered by the dump and was not checked. || COMMAND: dump:SECRETS (-- kill switch --); git -C C:\Users\ezabz\Code\harness-config grep -n "badge or a future session" -- scripts/model-failover-watch.py || OBSERVED: -- kill switch -- (nothing listed under it: `ls -l .../data/OWNER_SMS_KILL_SWITCH*` returned no files) | scripts/model-failover-watch.py:246: # A machine-readable surface so a monitor, the badge or a future session can
pain	P51	done	2026-09-30	ZABZ-TECH	Verified ALREADY FIXED 2026-09-30 by the pain-corpus audit (theme V06-sms), which ran a read-only check rather than trusting the entry. WHY: The exact file the entry names (`personal-secretary-mvp/data/OWNER_SMS_KILL_SWITCH`) no longer exists on the authority and owner_message_queue's sent count has risen from the entry's 742 to 758, so the all-or-nothing gate is no longer swallowing every owner SMS; whether the prescribed rate limit replaced it is not shown by the dump. || COMMAND: dump:SECRETS (-- kill switch --); dump:DB (-- owner_message_queue --) || OBSERVED: -- kill switch -- (no file listed) | sent|758
pain	P245	done	2026-09-30	ZABZ-TECH	Verified ALREADY FIXED 2026-09-30 by the pain-corpus audit (theme V07-business), which ran a read-only check rather than trusting the entry. WHY: The rule the entry said did not catch the failure case is now written in and applied — the Joe Fishman sync record even carries explicit `failureCaseCost` and `openRisk` fields stating the per-drive failure position, so the deposit is sized against the lab's own non-refundable exposure. || COMMAND: rg -n "THE DEPOSIT POLICY" C:\Users\ezabz\Code\lpt-hub\docs\customer-operations\300ddr-full-customer-referral-workflow.md || OBSERVED: `10:## 💵 THE DEPOSIT POLICY — read this before you quote any customer`, and `docs/customer-operations/recovery-index.md:78` now carries the rule: "Deposit must cover the lab's OUTCOME-INDEPENDENT cost — $160/drive base + $100/drive open-cover ... + the model's average donor figure ... collected as a CREDIT against the agreed price ... and ≥$200 net profit per drive even after donor cost".
pain	P223	done	2026-09-30	ZABZ-TECH	Verified ALREADY FIXED 2026-09-30 by the pain-corpus audit (theme V07-business), which ran a read-only check rather than trusting the entry. WHY: The missing link the entry names — a paid supplier order with no delivery check — is now built and scheduled: orders are ingested into `purchases` and an aging watchdog raises tasks for ones that never shipped; the one thing the dump cannot show is the log tail, so NEEDS-MANAGER carries the confirming command. || COMMAND: dump:CRON || OBSERVED: `10 */6 * * * /home/zabz/personal-secretary-mvp/.venv/bin/python /home/zabz/personal-secretary-mvp/scripts/supplier-order-ingest.py --apply >> /home/zabz/.personal-secretary/supplier-delivery-watch.log 2>&1` and `17 */6 * * * .../scripts/supplier-delivery-watch.py --create-tasks >> /home/zabz/.personal-secretary/supplier-delivery-watch.log 2>&1`; the repo confirms both artifacts exist (`c811528f w
pain	P2186	done	2026-09-30	ZABZ-TECH	Verified ALREADY FIXED 2026-09-30 by the pain-corpus audit (theme V08-owner), which ran a read-only check rather than trusting the entry. WHY: a not-before gate now exists and the dispatcher honours it (`scripts/wake.py:684` "New rows that are past their not_before and inside every per-row gate"); the CLI spelling is `flag --cooldown-seconds`, not `--not-before`, and the reminder path is unchanged. || COMMAND: dump:WAKE-STATUS || OBSERVED: `IDLE : healthy - 8 row(s) waiting, NONE claimable now; earliest 2026-10-01T19:44:24+00:00 (dormant-archive:20260928)` ; dump:WAKE new rows: `7|odq-answer-open:61|new|2026-10-28T19:00:05+00:00`
pain	P52	done	2026-09-30	ZABZ-TECH	Verified ALREADY FIXED 2026-09-30 by the pain-corpus audit (theme V08-owner), which ran a read-only check rather than trusting the entry. WHY: the sentinel's `session_archive` check that reported an idle fleet as HIGH is no longer in the sweep's finding list, which is the change H74 claims (HIGH/not-ok became INFO/ok); the two-alarms-disagreeing defect is gone. || COMMAND: dump:KERNEL || OBSERVED: findings are `[! ] agent_dead_weight`, `[! ] attention_debt`, `[! ] comms_freshness`, `[! ] owner_queue`; checks are `[ok] replication`, `[ok] liveness`, `[ok] telemetry_gaps`, `[ok] tick_completion`, `[ok] empty_ticks`, `[ok] delivery` — no `session_archive` finding at all
pain	P40	done	2026-09-30	ZABZ-TECH	Verified ALREADY FIXED 2026-09-30 by the pain-corpus audit (theme V08-owner), which ran a read-only check rather than trusting the entry. WHY: findings now have a consumer — a digest is written every 30 minutes and the kernel reports delivery green with no send fault — so "detected and routed to nobody" no longer describes the live system; the residue is only what the digest covers. || COMMAND: dump:CRON || OBSERVED: `*/30 * * * * /home/zabz/personal-secretary-mvp/scripts/server/owner-attention-digest.sh > /home/zabz/secretary-attention-digest/latest.txt 2>&1` ; dump:KERNEL: `[ok] delivery -- owner SMS is armed and quiet (nothing has needed him by text for 1.5d); app surface last written 5 min ago, 3 held item(s), none of them a send fault`
pain	P336	done	2026-09-30	ZABZ-TECH	Verified ALREADY FIXED 2026-09-30 by the pain-corpus audit (theme V10-estate), which ran a read-only check rather than trusting the entry. WHY: The TPM now reports the version Windows Update was offering (15.24.18954.0, was 15.23.17664.0), no firmware-class update is offered any more (8 pending offers, none Lenovo firmware), and the most recent boot (2026-09-27 10:50) loaded the existing Hello container (`8002`) with no `3611` in the Hello log since 2026-09-20. || COMMAND: `Get-CimInstance -Namespace 'root\cimv2\security\microsofttpm' -ClassName Win32_Tpm | Select-Object ManufacturerVersion,SpecVersion; pnputil /enum-devices /class Firmware` || OBSERVED: `ManufacturerVersion : 15.24.18954.0` / `SpecVersion : 2.0, 0, 1.59`; `Instance ID: UEFI\RES_{2327d974-d5a6-4f5e-909a-94229bd95964}\0` — `Device Description: ThinkCentre P3 Tiny TPM Firmware 15.24.18954.0` — `Status: Started`
pain	P169	done	2026-09-30	ZABZ-TECH	Verified ALREADY FIXED 2026-09-30 by the pain-corpus audit (theme V10-estate), which ran a read-only check rather than trusting the entry. WHY: The tracked Caddyfile no longer carries a committed credential — the hash is substituted from the environment, exactly the edit the entry asked for (it still needs the Caddy force-recreate the entry itself says belongs in a window). || COMMAND: `Select-String -Path 'C:\Users\ezabz\Code\personal-secretary-mvp\deploy\waze-mdm\Caddyfile' -Pattern 'basic_auth|DASHBOARD_PASSWORD_HASH'` || OBSERVED: `83: basic_auth {` / `84: ezabz {$DASHBOARD_PASSWORD_HASH}` / `94: basic_auth {` / `95: ezabz {$DASHBOARD_PASSWORD_HASH}` (no bcrypt literal anywhere in the file)
pain	P78	done	2026-09-30	ZABZ-TECH	Verified ALREADY FIXED 2026-09-30 by the pain-corpus audit (theme V10-estate), which ran a read-only check rather than trusting the entry. WHY: Both named facts are contradicted — `startWithConsent` now has a production caller (`ScreenshotConsent.handleResult`, driven from the MainActivity consent launcher) and `createScreenCaptureIntent()` exists and is reached from a user action, with tests that assert the wire rather than the file. || COMMAND: `Get-ChildItem 'C:\Users\ezabz\Code\kosher-filter-ai\android\app\src\main' -Recurse -File -Include '*.kt','*.java' | Select-String -Pattern 'ScreenshotConsent'` || OBSERVED: `MainActivity.kt:354: projectionConsentLauncher.launch(ScreenshotConsent.requestIntent(this))`; `ScreenshotConsent.kt:143: return manager.createScreenCaptureIntent()`; `ScreenshotConsent.kt:163: ScreenshotService.startWithConsent(`; plus `src\test\...\ScreenshotConsentTest.kt` and `ScreenshotServiceConsentWiringTest.kt`
pain	P15b	done	2026-09-30	ZABZ-TECH	Verified ALREADY FIXED 2026-09-30 by the pain-corpus audit (theme V10-estate), which ran a read-only check rather than trusting the entry. WHY: The snapshot writer now targets the database the API actually reads, with an honest failure path and a freshness check beside it; what remains is the entry's own footnote (the manual `--report` path still persists without an assertion). || COMMAND: `Select-String -Path 'C:\Users\ezabz\Code\personal-secretary-mvp\deploy\waze-mdm\fleet-api\telnyx_billing.py' -Pattern 'def _connect_db|if PG_DSN|return _connect_pg'` || OBSERVED: `379: def _connect_db():` — docstring `**Prefers PostgreSQL when ``PG_DSN`` is set**` — `396: if PG_DSN:` / `397: return _connect_pg()`
pain	P221	done	2026-09-30	ZABZ-TECH	Verified ALREADY FIXED 2026-09-30 by the pain-corpus audit (theme V10-estate), which ran a read-only check rather than trusting the entry. WHY: The one elevated action the entry said would fix it has been taken — the `DSH Phone Gate` scheduled task exists and runs every five minutes (last result 0) — and the gate process has now survived ~2 days, against the deaths-every-few-hours the entry measured. || COMMAND: `Get-ScheduledTask -TaskName 'DSH Phone Gate' | Select-Object -ExpandProperty Actions; Get-ScheduledTaskInfo -TaskName 'DSH Phone Gate' | Select-Object LastRunTime,LastTaskResult,NextRunTime; Get-Process -Id 27824 | Select-Object ProcessName,StartTime` || OBSERVED: `Arguments : //B //NoLogo "C:\Users\ezabz\code\harness-config\scripts\hidden-tasks\DSH_Phone_Gate.vbs"` / `LastRunTime : 9/30/2026 11:42:01 AM` / `LastTaskResult : 0` / `NextRunTime : 9/30/2026 11:47:00 AM` / `pythonw` `StartTime : 9/28/2026 2:09:13 PM`
